"time","circ1.bats[1].v","circ1.bats[2].v","circ1.bats[3].v","circ1.bats[1].vr","circ1.bats[2].vr","circ1.bats[3].vr","circ1.gnd.p.i","circ1.gnd.p.v","circ1.r_load.i","circ1.r_load.r_int","circ1.r_load.v","circ1.s[1].i","circ1.s[2].i","circ1.s[3].i","circ1.s[1].r_int","circ1.s[2].r_int","circ1.s[3].r_int","circ1.s[1].v","circ1.s[2].v","circ1.s[3].v","circ1.target_v","circ1.tolerance","circ1.r_load.percentage","circ1.bat_num","circ1.bats[1].state","circ1.bats[2].state","circ1.bats[3].state","circ1.r_load.state","circ1.s[1].mode","circ1.s[2].mode","circ1.s[3].mode","circ1.s[1].state","circ1.s[2].state","circ1.s[3].state","on","circ1.bats[1].i","circ1.bats[2].i","circ1.bats[3].i","circ1.bats[1].m.i","circ1.bats[2].m.i","circ1.bats[3].m.i","circ1.bats[1].m.v","circ1.bats[2].m.v","circ1.bats[3].m.v","circ1.bats[1].p.i","circ1.bats[2].p.i","circ1.bats[3].p.i","circ1.bats[1].p.v","circ1.bats[2].p.v","circ1.bats[3].p.v","circ1.r_load.m.i","circ1.r_load.m.v","circ1.r_load.p.i","circ1.r_load.p.v","circ1.s[1].m.i","circ1.s[2].m.i","circ1.s[3].m.i","circ1.s[1].m.v","circ1.s[2].m.v","circ1.s[3].m.v","circ1.s[1].p.i","circ1.s[2].p.i","circ1.s[3].p.i","circ1.s[1].p.v","circ1.s[2].p.v","circ1.s[3].p.v"
0,83.33333611113815,99.99999833333378,99.99999833333376,-16.66666388886186,-1.66666622223623e-06,-1.666666222236228e-06,0,0,0.166666672221943,500,83.33333611097149,0.1666666388886185,1.66666622223623e-08,1.666666222236228e-08,1e-09,1000000000,1000000000,1.666666388886186e-10,16.6666622223623,16.66666222236228,90,0.95,100,3,1,1,1,1,2,1,1,1,1,1,1,-0.1666666388886185,-1.66666622223623e-08,-1.666666222236228e-08,0.1666666388886185,1.66666622223623e-08,1.666666222236228e-08,-83.33333611097149,-83.33333611097149,-83.33333611097149,-0.1666666388886185,-1.66666622223623e-08,-1.666666222236228e-08,1.666666388886186e-10,16.6666622223623,16.66666222236228,-0.166666672221943,-83.33333611097149,0.166666672221943,0,-0.1666666388886185,-1.66666622223623e-08,-1.666666222236228e-08,0,0,0,0.1666666388886185,1.66666622223623e-08,1.666666222236228e-08,1.666666388886186e-10,16.6666622223623,16.66666222236228
1.004082150757313e-10,83.33333611113815,99.99999833333378,99.99999833333379,-16.66666388886186,-1.66666622223623e-06,-1.66666622223623e-06,0,0,0.166666672221943,500,83.33333611097149,0.1666666388886185,1.66666622223623e-08,1.66666622223623e-08,1e-09,1000000000,1000000000,1.666666388886186e-10,16.6666622223623,16.6666622223623,90,0.95,100,3,1,1,1,1,2,1,1,1,1,1,1,-0.1666666388886185,-1.66666622223623e-08,-1.66666622223623e-08,0.1666666388886185,1.66666622223623e-08,1.66666622223623e-08,-83.33333611097149,-83.33333611097149,-83.33333611097149,-0.1666666388886185,-1.66666622223623e-08,-1.66666622223623e-08,1.666666388886186e-10,16.6666622223623,16.6666622223623,-0.166666672221943,-83.33333611097149,0.166666672221943,0,-0.1666666388886185,-1.66666622223623e-08,-1.66666622223623e-08,0,0,0,0.1666666388886185,1.66666622223623e-08,1.66666622223623e-08,1.666666388886186e-10,16.6666622223623,16.6666622223623
1.004082150757313e-10,88.2352941176609,88.2352941176609,88.2352941176609,-11.7647058823391,-11.7647058823391,-11.7647058823391,1.387778780781446e-17,0,0.352941176470173,250,88.23529411754325,0.117647058823391,0.117647058823391,0.117647058823391,1e-09,1e-09,1e-09,1.176470588233911e-10,1.17647058823391e-10,1.17647058823391e-10,90,0.95,50,3,1,1,1,1,2,2,2,1,1,1,3,-0.117647058823391,-0.117647058823391,-0.117647058823391,0.117647058823391,0.117647058823391,0.117647058823391,-88.23529411754325,-88.23529411754325,-88.23529411754325,-0.117647058823391,-0.117647058823391,-0.117647058823391,1.176470588233911e-10,1.17647058823391e-10,1.17647058823391e-10,-0.352941176470173,-88.23529411754325,0.352941176470173,0,-0.117647058823391,-0.117647058823391,-0.117647058823391,0,0,0,0.117647058823391,0.117647058823391,0.117647058823391,1.176470588233911e-10,1.17647058823391e-10,1.17647058823391e-10
0.1,88.2352941176609,88.2352941176609,88.2352941176609,-11.7647058823391,-11.7647058823391,-11.7647058823391,-4.163336342344337e-17,0,0.352941176470173,250,88.23529411754325,0.117647058823391,0.117647058823391,0.117647058823391,1e-09,1e-09,1e-09,1.17647058823391e-10,1.17647058823391e-10,1.17647058823391e-10,90,0.95,50,3,1,1,1,1,2,2,2,1,1,1,3,-0.117647058823391,-0.117647058823391,-0.117647058823391,0.117647058823391,0.117647058823391,0.117647058823391,-88.23529411754325,-88.23529411754325,-88.23529411754325,-0.117647058823391,-0.117647058823391,-0.117647058823391,1.17647058823391e-10,1.17647058823391e-10,1.17647058823391e-10,-0.352941176470173,-88.23529411754325,0.352941176470173,0,-0.117647058823391,-0.117647058823391,-0.117647058823391,0,0,0,0.117647058823391,0.117647058823391,0.117647058823391,1.17647058823391e-10,1.17647058823391e-10,1.17647058823391e-10
0.2,88.2352941176609,88.23529411766091,88.23529411766091,-11.7647058823391,-11.76470588233909,-11.7647058823391,-1.387778780781446e-17,0,0.352941176470173,250,88.23529411754326,0.117647058823391,0.1176470588233909,0.117647058823391,1e-09,1e-09,1e-09,1.17647058823391e-10,1.176470588233909e-10,1.17647058823391e-10,90,0.95,50,3,1,1,1,1,2,2,2,1,1,1,3,-0.117647058823391,-0.1176470588233909,-0.117647058823391,0.117647058823391,0.1176470588233909,0.117647058823391,-88.23529411754326,-88.23529411754326,-88.23529411754326,-0.117647058823391,-0.1176470588233909,-0.117647058823391,1.17647058823391e-10,1.176470588233909e-10,1.17647058823391e-10,-0.352941176470173,-88.23529411754326,0.352941176470173,0,-0.117647058823391,-0.1176470588233909,-0.117647058823391,0,0,0,0.117647058823391,0.1176470588233909,0.117647058823391,1.17647058823391e-10,1.176470588233909e-10,1.17647058823391e-10
0.3,88.2352941176609,88.2352941176609,88.2352941176609,-11.7647058823391,-11.7647058823391,-11.7647058823391,1.387778780781446e-17,0,0.352941176470173,250,88.23529411754325,0.117647058823391,0.117647058823391,0.117647058823391,1e-09,1e-09,1e-09,1.17647058823391e-10,1.17647058823391e-10,1.17647058823391e-10,90,0.95,50,3,1,1,1,1,2,2,2,1,1,1,3,-0.117647058823391,-0.117647058823391,-0.117647058823391,0.117647058823391,0.117647058823391,0.117647058823391,-88.23529411754325,-88.23529411754325,-88.23529411754325,-0.117647058823391,-0.117647058823391,-0.117647058823391,1.17647058823391e-10,1.17647058823391e-10,1.17647058823391e-10,-0.352941176470173,-88.23529411754325,0.352941176470173,0,-0.117647058823391,-0.117647058823391,-0.117647058823391,0,0,0,0.117647058823391,0.117647058823391,0.117647058823391,1.17647058823391e-10,1.17647058823391e-10,1.17647058823391e-10
0.4,88.2352941176609,88.2352941176609,88.2352941176609,-11.7647058823391,-11.7647058823391,-11.7647058823391,1.387778780781446e-17,0,0.352941176470173,250,88.23529411754325,0.117647058823391,0.117647058823391,0.117647058823391,1e-09,1e-09,1e-09,1.17647058823391e-10,1.17647058823391e-10,1.17647058823391e-10,90,0.95,50,3,1,1,1,1,2,2,2,1,1,1,3,-0.117647058823391,-0.117647058823391,-0.117647058823391,0.117647058823391,0.117647058823391,0.117647058823391,-88.23529411754325,-88.23529411754325,-88.23529411754325,-0.117647058823391,-0.117647058823391,-0.117647058823391,1.17647058823391e-10,1.17647058823391e-10,1.17647058823391e-10,-0.352941176470173,-88.23529411754325,0.352941176470173,0,-0.117647058823391,-0.117647058823391,-0.117647058823391,0,0,0,0.117647058823391,0.117647058823391,0.117647058823391,1.17647058823391e-10,1.17647058823391e-10,1.17647058823391e-10
0.5,88.2352941176609,88.2352941176609,88.2352941176609,-11.7647058823391,-11.7647058823391,-11.7647058823391,1.387778780781446e-17,0,0.352941176470173,250,88.23529411754325,0.117647058823391,0.117647058823391,0.117647058823391,1e-09,1e-09,1e-09,1.17647058823391e-10,1.17647058823391e-10,1.17647058823391e-10,90,0.95,50,3,1,1,1,1,2,2,2,1,1,1,3,-0.117647058823391,-0.117647058823391,-0.117647058823391,0.117647058823391,0.117647058823391,0.117647058823391,-88.23529411754325,-88.23529411754325,-88.23529411754325,-0.117647058823391,-0.117647058823391,-0.117647058823391,1.17647058823391e-10,1.17647058823391e-10,1.17647058823391e-10,-0.352941176470173,-88.23529411754325,0.352941176470173,0,-0.117647058823391,-0.117647058823391,-0.117647058823391,0,0,0,0.117647058823391,0.117647058823391,0.117647058823391,1.17647058823391e-10,1.17647058823391e-10,1.17647058823391e-10
0.6,88.2352941176609,88.2352941176609,88.2352941176609,-11.7647058823391,-11.7647058823391,-11.7647058823391,1.387778780781446e-17,0,0.352941176470173,250,88.23529411754325,0.117647058823391,0.117647058823391,0.117647058823391,1e-09,1e-09,1e-09,1.17647058823391e-10,1.17647058823391e-10,1.17647058823391e-10,90,0.95,50,3,1,1,1,1,2,2,2,1,1,1,3,-0.117647058823391,-0.117647058823391,-0.117647058823391,0.117647058823391,0.117647058823391,0.117647058823391,-88.23529411754325,-88.23529411754325,-88.23529411754325,-0.117647058823391,-0.117647058823391,-0.117647058823391,1.17647058823391e-10,1.17647058823391e-10,1.17647058823391e-10,-0.352941176470173,-88.23529411754325,0.352941176470173,0,-0.117647058823391,-0.117647058823391,-0.117647058823391,0,0,0,0.117647058823391,0.117647058823391,0.117647058823391,1.17647058823391e-10,1.17647058823391e-10,1.17647058823391e-10
0.7,88.2352941176609,88.2352941176609,88.2352941176609,-11.7647058823391,-11.7647058823391,-11.7647058823391,1.387778780781446e-17,0,0.352941176470173,250,88.23529411754325,0.117647058823391,0.117647058823391,0.117647058823391,1e-09,1e-09,1e-09,1.17647058823391e-10,1.17647058823391e-10,1.17647058823391e-10,90,0.95,50,3,1,1,1,1,2,2,2,1,1,1,3,-0.117647058823391,-0.117647058823391,-0.117647058823391,0.117647058823391,0.117647058823391,0.117647058823391,-88.23529411754325,-88.23529411754325,-88.23529411754325,-0.117647058823391,-0.117647058823391,-0.117647058823391,1.17647058823391e-10,1.17647058823391e-10,1.17647058823391e-10,-0.352941176470173,-88.23529411754325,0.352941176470173,0,-0.117647058823391,-0.117647058823391,-0.117647058823391,0,0,0,0.117647058823391,0.117647058823391,0.117647058823391,1.17647058823391e-10,1.17647058823391e-10,1.17647058823391e-10
0.8,88.2352941176609,88.2352941176609,88.2352941176609,-11.7647058823391,-11.7647058823391,-11.7647058823391,1.387778780781446e-17,0,0.352941176470173,250,88.23529411754325,0.117647058823391,0.117647058823391,0.117647058823391,1e-09,1e-09,1e-09,1.17647058823391e-10,1.17647058823391e-10,1.17647058823391e-10,90,0.95,50,3,1,1,1,1,2,2,2,1,1,1,3,-0.117647058823391,-0.117647058823391,-0.117647058823391,0.117647058823391,0.117647058823391,0.117647058823391,-88.23529411754325,-88.23529411754325,-88.23529411754325,-0.117647058823391,-0.117647058823391,-0.117647058823391,1.17647058823391e-10,1.17647058823391e-10,1.17647058823391e-10,-0.352941176470173,-88.23529411754325,0.352941176470173,0,-0.117647058823391,-0.117647058823391,-0.117647058823391,0,0,0,0.117647058823391,0.117647058823391,0.117647058823391,1.17647058823391e-10,1.17647058823391e-10,1.17647058823391e-10
0.9,88.2352941176609,88.2352941176609,88.2352941176609,-11.7647058823391,-11.7647058823391,-11.7647058823391,1.387778780781446e-17,0,0.352941176470173,250,88.23529411754325,0.117647058823391,0.117647058823391,0.117647058823391,1e-09,1e-09,1e-09,1.17647058823391e-10,1.17647058823391e-10,1.17647058823391e-10,90,0.95,50,3,1,1,1,1,2,2,2,1,1,1,3,-0.117647058823391,-0.117647058823391,-0.117647058823391,0.117647058823391,0.117647058823391,0.117647058823391,-88.23529411754325,-88.23529411754325,-88.23529411754325,-0.117647058823391,-0.117647058823391,-0.117647058823391,1.17647058823391e-10,1.17647058823391e-10,1.17647058823391e-10,-0.352941176470173,-88.23529411754325,0.352941176470173,0,-0.117647058823391,-0.117647058823391,-0.117647058823391,0,0,0,0.117647058823391,0.117647058823391,0.117647058823391,1.17647058823391e-10,1.17647058823391e-10,1.17647058823391e-10
1,88.2352941176609,88.2352941176609,88.2352941176609,-11.7647058823391,-11.7647058823391,-11.7647058823391,1.387778780781446e-17,0,0.352941176470173,250,88.23529411754325,0.117647058823391,0.117647058823391,0.117647058823391,1e-09,1e-09,1e-09,1.17647058823391e-10,1.17647058823391e-10,1.17647058823391e-10,90,0.95,50,3,1,1,1,1,2,2,2,1,1,1,3,-0.117647058823391,-0.117647058823391,-0.117647058823391,0.117647058823391,0.117647058823391,0.117647058823391,-88.23529411754325,-88.23529411754325,-88.23529411754325,-0.117647058823391,-0.117647058823391,-0.117647058823391,1.17647058823391e-10,1.17647058823391e-10,1.17647058823391e-10,-0.352941176470173,-88.23529411754325,0.352941176470173,0,-0.117647058823391,-0.117647058823391,-0.117647058823391,0,0,0,0.117647058823391,0.117647058823391,0.117647058823391,1.17647058823391e-10,1.17647058823391e-10,1.17647058823391e-10
1.000000000200089,88.2352941176609,88.2352941176609,88.2352941176609,-11.7647058823391,-11.7647058823391,-11.7647058823391,1.387778780781446e-17,0,0.352941176470173,250,88.23529411754325,0.117647058823391,0.117647058823391,0.117647058823391,1e-09,1e-09,1e-09,1.17647058823391e-10,1.17647058823391e-10,1.17647058823391e-10,90,0.95,50,3,1,1,1,1,2,2,2,1,1,1,3,-0.117647058823391,-0.117647058823391,-0.117647058823391,0.117647058823391,0.117647058823391,0.117647058823391,-88.23529411754325,-88.23529411754325,-88.23529411754325,-0.117647058823391,-0.117647058823391,-0.117647058823391,1.17647058823391e-10,1.17647058823391e-10,1.17647058823391e-10,-0.352941176470173,-88.23529411754325,0.352941176470173,0,-0.117647058823391,-0.117647058823391,-0.117647058823391,0,0,0,0.117647058823391,0.117647058823391,0.117647058823391,1.17647058823391e-10,1.17647058823391e-10,1.17647058823391e-10
1.000000000200089,90.90909132232225,90.90909132232225,99.99999909879686,-9.090908677677742,-9.090908677677749,-9.090907776565516e-07,-1.387778780781446e-17,0,0.1818181826444627,500,90.90909132223135,0.09090908677677742,0.09090908677677749,9.090907776565516e-09,1e-09,1e-09,1000000000,9.090908677677742e-11,9.09090867767775e-11,9.090907776565516,90,0.95,100,3,1,1,1,1,2,2,1,1,1,1,2,-0.09090908677677742,-0.09090908677677749,-9.090907776565516e-09,0.09090908677677742,0.09090908677677749,9.090907776565516e-09,-90.90909132223135,-90.90909132223135,-90.90909132223135,-0.09090908677677742,-0.09090908677677749,-9.090907776565516e-09,9.090908677677742e-11,9.09090867767775e-11,9.090907776565516,-0.1818181826444627,-90.90909132223135,0.1818181826444627,0,-0.09090908677677742,-0.09090908677677749,-9.090907776565516e-09,0,0,0,0.09090908677677742,0.09090908677677749,9.090907776565516e-09,9.090908677677742e-11,9.09090867767775e-11,9.090907776565516
1.1,90.90909132232225,90.90909132232225,99.99999909090923,-9.090908677677742,-9.090908677677749,-9.090907768677882e-07,0,0,0.1818181826444627,500,90.90909132223135,0.09090908677677742,0.09090908677677749,9.090907768677882e-09,1e-09,1e-09,1000000000,9.090908677677742e-11,9.09090867767775e-11,9.090907768677882,90,0.95,100,3,1,1,1,1,2,2,1,1,1,1,2,-0.09090908677677742,-0.09090908677677749,-9.090907768677882e-09,0.09090908677677742,0.09090908677677749,9.090907768677882e-09,-90.90909132223135,-90.90909132223135,-90.90909132223135,-0.09090908677677742,-0.09090908677677749,-9.090907768677882e-09,9.090908677677742e-11,9.09090867767775e-11,9.090907768677882,-0.1818181826444627,-90.90909132223135,0.1818181826444627,0,-0.09090908677677742,-0.09090908677677749,-9.090907768677882e-09,0,0,0,0.09090908677677742,0.09090908677677749,9.090907768677882e-09,9.090908677677742e-11,9.09090867767775e-11,9.090907768677882
1.2,90.90909132232225,90.90909132232225,99.99999909090923,-9.090908677677744,-9.090908677677751,-9.090907768677883e-07,0,0,0.1818181826444627,500,90.90909132223135,0.09090908677677743,0.0909090867767775,9.090907768677884e-09,1e-09,1e-09,1000000000,9.090908677677744e-11,9.090908677677751e-11,9.090907768677884,90,0.95,100,3,1,1,1,1,2,2,1,1,1,1,2,-0.09090908677677743,-0.0909090867767775,-9.090907768677884e-09,0.09090908677677743,0.0909090867767775,9.090907768677884e-09,-90.90909132223135,-90.90909132223135,-90.90909132223135,-0.09090908677677743,-0.0909090867767775,-9.090907768677884e-09,9.090908677677744e-11,9.090908677677751e-11,9.090907768677884,-0.1818181826444627,-90.90909132223135,0.1818181826444627,0,-0.09090908677677743,-0.0909090867767775,-9.090907768677884e-09,0,0,0,0.09090908677677743,0.0909090867767775,9.090907768677884e-09,9.090908677677744e-11,9.090908677677751e-11,9.090907768677884
1.3,90.90909132232225,90.90909132232225,99.99999909090923,-9.090908677677744,-9.090908677677751,-9.090907768677883e-07,0,0,0.1818181826444627,500,90.90909132223135,0.09090908677677743,0.0909090867767775,9.090907768677884e-09,1e-09,1e-09,1000000000,9.090908677677744e-11,9.090908677677751e-11,9.090907768677884,90,0.95,100,3,1,1,1,1,2,2,1,1,1,1,2,-0.09090908677677743,-0.0909090867767775,-9.090907768677884e-09,0.09090908677677743,0.0909090867767775,9.090907768677884e-09,-90.90909132223135,-90.90909132223135,-90.90909132223135,-0.09090908677677743,-0.0909090867767775,-9.090907768677884e-09,9.090908677677744e-11,9.090908677677751e-11,9.090907768677884,-0.1818181826444627,-90.90909132223135,0.1818181826444627,0,-0.09090908677677743,-0.0909090867767775,-9.090907768677884e-09,0,0,0,0.09090908677677743,0.0909090867767775,9.090907768677884e-09,9.090908677677744e-11,9.090908677677751e-11,9.090907768677884
1.4,90.90909132232225,90.90909132232225,99.99999909090923,-9.090908677677744,-9.090908677677751,-9.090907768677883e-07,0,0,0.1818181826444627,500,90.90909132223135,0.09090908677677743,0.0909090867767775,9.090907768677884e-09,1e-09,1e-09,1000000000,9.090908677677744e-11,9.090908677677751e-11,9.090907768677884,90,0.95,100,3,1,1,1,1,2,2,1,1,1,1,2,-0.09090908677677743,-0.0909090867767775,-9.090907768677884e-09,0.09090908677677743,0.0909090867767775,9.090907768677884e-09,-90.90909132223135,-90.90909132223135,-90.90909132223135,-0.09090908677677743,-0.0909090867767775,-9.090907768677884e-09,9.090908677677744e-11,9.090908677677751e-11,9.090907768677884,-0.1818181826444627,-90.90909132223135,0.1818181826444627,0,-0.09090908677677743,-0.0909090867767775,-9.090907768677884e-09,0,0,0,0.09090908677677743,0.0909090867767775,9.090907768677884e-09,9.090908677677744e-11,9.090908677677751e-11,9.090907768677884
1.5,90.90909132232225,90.90909132232225,99.99999909090923,-9.090908677677744,-9.090908677677751,-9.090907768677883e-07,0,0,0.1818181826444627,500,90.90909132223135,0.09090908677677743,0.0909090867767775,9.090907768677884e-09,1e-09,1e-09,1000000000,9.090908677677744e-11,9.090908677677751e-11,9.090907768677884,90,0.95,100,3,1,1,1,1,2,2,1,1,1,1,2,-0.09090908677677743,-0.0909090867767775,-9.090907768677884e-09,0.09090908677677743,0.0909090867767775,9.090907768677884e-09,-90.90909132223135,-90.90909132223135,-90.90909132223135,-0.09090908677677743,-0.0909090867767775,-9.090907768677884e-09,9.090908677677744e-11,9.090908677677751e-11,9.090907768677884,-0.1818181826444627,-90.90909132223135,0.1818181826444627,0,-0.09090908677677743,-0.0909090867767775,-9.090907768677884e-09,0,0,0,0.09090908677677743,0.0909090867767775,9.090907768677884e-09,9.090908677677744e-11,9.090908677677751e-11,9.090907768677884
1.6,90.90909132232225,90.90909132232225,99.99999909090923,-9.090908677677744,-9.090908677677751,-9.090907768677883e-07,0,0,0.1818181826444627,500,90.90909132223135,0.09090908677677743,0.0909090867767775,9.090907768677884e-09,1e-09,1e-09,1000000000,9.090908677677744e-11,9.090908677677751e-11,9.090907768677884,90,0.95,100,3,1,1,1,1,2,2,1,1,1,1,2,-0.09090908677677743,-0.0909090867767775,-9.090907768677884e-09,0.09090908677677743,0.0909090867767775,9.090907768677884e-09,-90.90909132223135,-90.90909132223135,-90.90909132223135,-0.09090908677677743,-0.0909090867767775,-9.090907768677884e-09,9.090908677677744e-11,9.090908677677751e-11,9.090907768677884,-0.1818181826444627,-90.90909132223135,0.1818181826444627,0,-0.09090908677677743,-0.0909090867767775,-9.090907768677884e-09,0,0,0,0.09090908677677743,0.0909090867767775,9.090907768677884e-09,9.090908677677744e-11,9.090908677677751e-11,9.090907768677884
1.7,90.90909132232225,90.90909132232225,99.99999909090923,-9.090908677677744,-9.090908677677751,-9.090907768677883e-07,0,0,0.1818181826444627,500,90.90909132223135,0.09090908677677743,0.0909090867767775,9.090907768677884e-09,1e-09,1e-09,1000000000,9.090908677677744e-11,9.090908677677751e-11,9.090907768677884,90,0.95,100,3,1,1,1,1,2,2,1,1,1,1,2,-0.09090908677677743,-0.0909090867767775,-9.090907768677884e-09,0.09090908677677743,0.0909090867767775,9.090907768677884e-09,-90.90909132223135,-90.90909132223135,-90.90909132223135,-0.09090908677677743,-0.0909090867767775,-9.090907768677884e-09,9.090908677677744e-11,9.090908677677751e-11,9.090907768677884,-0.1818181826444627,-90.90909132223135,0.1818181826444627,0,-0.09090908677677743,-0.0909090867767775,-9.090907768677884e-09,0,0,0,0.09090908677677743,0.0909090867767775,9.090907768677884e-09,9.090908677677744e-11,9.090908677677751e-11,9.090907768677884
1.8,90.90909132232225,90.90909132232225,99.99999909090923,-9.090908677677744,-9.090908677677751,-9.090907768677883e-07,0,0,0.1818181826444627,500,90.90909132223135,0.09090908677677743,0.0909090867767775,9.090907768677884e-09,1e-09,1e-09,1000000000,9.090908677677744e-11,9.090908677677751e-11,9.090907768677884,90,0.95,100,3,1,1,1,1,2,2,1,1,1,1,2,-0.09090908677677743,-0.0909090867767775,-9.090907768677884e-09,0.09090908677677743,0.0909090867767775,9.090907768677884e-09,-90.90909132223135,-90.90909132223135,-90.90909132223135,-0.09090908677677743,-0.0909090867767775,-9.090907768677884e-09,9.090908677677744e-11,9.090908677677751e-11,9.090907768677884,-0.1818181826444627,-90.90909132223135,0.1818181826444627,0,-0.09090908677677743,-0.0909090867767775,-9.090907768677884e-09,0,0,0,0.09090908677677743,0.0909090867767775,9.090907768677884e-09,9.090908677677744e-11,9.090908677677751e-11,9.090907768677884
1.9,90.90909132232225,90.90909132232225,99.99999909090923,-9.090908677677744,-9.090908677677751,-9.090907768677883e-07,0,0,0.1818181826444627,500,90.90909132223135,0.09090908677677743,0.0909090867767775,9.090907768677884e-09,1e-09,1e-09,1000000000,9.090908677677744e-11,9.090908677677751e-11,9.090907768677884,90,0.95,100,3,1,1,1,1,2,2,1,1,1,1,2,-0.09090908677677743,-0.0909090867767775,-9.090907768677884e-09,0.09090908677677743,0.0909090867767775,9.090907768677884e-09,-90.90909132223135,-90.90909132223135,-90.90909132223135,-0.09090908677677743,-0.0909090867767775,-9.090907768677884e-09,9.090908677677744e-11,9.090908677677751e-11,9.090907768677884,-0.1818181826444627,-90.90909132223135,0.1818181826444627,0,-0.09090908677677743,-0.0909090867767775,-9.090907768677884e-09,0,0,0,0.09090908677677743,0.0909090867767775,9.090907768677884e-09,9.090908677677744e-11,9.090908677677751e-11,9.090907768677884
2,90.90909132232225,90.90909132232225,99.99999909090923,-9.090908677677744,-9.090908677677751,-9.090907768677883e-07,0,0,0.1818181826444627,500,90.90909132223135,0.09090908677677743,0.0909090867767775,9.090907768677884e-09,1e-09,1e-09,1000000000,9.090908677677744e-11,9.090908677677751e-11,9.090907768677884,90,0.95,100,3,1,1,1,1,2,2,1,1,1,1,2,-0.09090908677677743,-0.0909090867767775,-9.090907768677884e-09,0.09090908677677743,0.0909090867767775,9.090907768677884e-09,-90.90909132223135,-90.90909132223135,-90.90909132223135,-0.09090908677677743,-0.0909090867767775,-9.090907768677884e-09,9.090908677677744e-11,9.090908677677751e-11,9.090907768677884,-0.1818181826444627,-90.90909132223135,0.1818181826444627,0,-0.09090908677677743,-0.0909090867767775,-9.090907768677884e-09,0,0,0,0.09090908677677743,0.0909090867767775,9.090907768677884e-09,9.090908677677744e-11,9.090908677677751e-11,9.090907768677884
2.000000000400178,90.90909132232225,90.90909132232225,99.99999909090923,-9.090908677677744,-9.090908677677751,-9.090907768677883e-07,0,0,0.1818181826444627,500,90.90909132223135,0.09090908677677743,0.0909090867767775,9.090907768677884e-09,1e-09,1e-09,1000000000,9.090908677677744e-11,9.090908677677751e-11,9.090907768677884,90,0.95,100,3,1,1,1,1,2,2,1,1,1,1,2,-0.09090908677677743,-0.0909090867767775,-9.090907768677884e-09,0.09090908677677743,0.0909090867767775,9.090907768677884e-09,-90.90909132223135,-90.90909132223135,-90.90909132223135,-0.09090908677677743,-0.0909090867767775,-9.090907768677884e-09,9.090908677677744e-11,9.090908677677751e-11,9.090907768677884,-0.1818181826444627,-90.90909132223135,0.1818181826444627,0,-0.09090908677677743,-0.0909090867767775,-9.090907768677884e-09,0,0,0,0.09090908677677743,0.0909090867767775,9.090907768677884e-09,9.090908677677744e-11,9.090908677677751e-11,9.090907768677884
2.000000000400178,0,2.999996695507434e-09,2.999996695507434e-09,199.9999999924,-99.999999997,-99.99999999700002,2.220446049250313e-16,0,1.599986809708298e-11,125,1.999996695537434e-09,-1.999999999924,0.99999999997,0.9999999999700001,1e-09,1e-09,1e-09,-1.999999999924e-09,9.999999999700001e-10,9.999999999700001e-10,90,0.95,25,3,4,1,1,1,2,2,2,1,1,1,3,1.999999999924,-0.99999999997,-0.9999999999700001,-1.999999999924,0.99999999997,0.9999999999700001,-1.999996695537434e-09,-1.999996695537434e-09,-1.999996695537434e-09,1.999999999924,-0.99999999997,-0.9999999999700001,-1.999999999924e-09,9.999999999700001e-10,9.999999999700001e-10,-1.599986809708298e-11,-1.999996695537434e-09,1.599986809708298e-11,0,1.999999999924,-0.99999999997,-0.9999999999700001,0,0,0,-1.999999999924,0.99999999997,0.9999999999700001,-1.999999999924e-09,9.999999999700001e-10,9.999999999700001e-10
2.1,0,2.999996695507434e-09,2.999996695507434e-09,199.9999999924,-99.999999997,-99.99999999699999,-2.220446049250313e-16,0,1.600031218629283e-11,125,1.999996695537434e-09,-1.999999999924,0.99999999997,0.9999999999699999,1e-09,1e-09,1e-09,-1.999999999924e-09,9.999999999700001e-10,9.999999999699999e-10,90,0.95,25,3,4,1,1,1,2,2,2,1,1,1,3,1.999999999924,-0.99999999997,-0.9999999999699999,-1.999999999924,0.99999999997,0.9999999999699999,-1.999996695537434e-09,-1.999996695537434e-09,-1.999996695537434e-09,1.999999999924,-0.99999999997,-0.9999999999699999,-1.999999999924e-09,9.999999999700001e-10,9.999999999699999e-10,-1.600031218629283e-11,-1.999996695537434e-09,1.600031218629283e-11,0,1.999999999924,-0.99999999997,-0.9999999999699999,0,0,0,-1.999999999924,0.99999999997,0.9999999999699999,-1.999999999924e-09,9.999999999700001e-10,9.999999999699999e-10
2.2,0,2.999996695507434e-09,2.999996695507434e-09,199.9999999924,-99.999999997,-99.999999997,0,0,1.599986809708298e-11,125,1.999996695537434e-09,-1.999999999924,0.99999999997,0.99999999997,1e-09,1e-09,1e-09,-1.999999999924e-09,9.999999999700001e-10,9.999999999700001e-10,90,0.95,25,3,4,1,1,1,2,2,2,1,1,1,3,1.999999999924,-0.99999999997,-0.99999999997,-1.999999999924,0.99999999997,0.99999999997,-1.999996695537434e-09,-1.999996695537434e-09,-1.999996695537434e-09,1.999999999924,-0.99999999997,-0.99999999997,-1.999999999924e-09,9.999999999700001e-10,9.999999999700001e-10,-1.599986809708298e-11,-1.999996695537434e-09,1.599986809708298e-11,0,1.999999999924,-0.99999999997,-0.99999999997,0,0,0,-1.999999999924,0.99999999997,0.99999999997,-1.999999999924e-09,9.999999999700001e-10,9.999999999700001e-10
2.3,0,2.999996695507434e-09,2.999996695507434e-09,199.9999999924,-99.999999997,-99.999999997,0,0,1.600009014168791e-11,125,1.999996695537434e-09,-1.999999999924,0.99999999997,0.99999999997,1e-09,1e-09,1e-09,-1.999999999924e-09,9.999999999700001e-10,9.999999999700001e-10,90,0.95,25,3,4,1,1,1,2,2,2,1,1,1,3,1.999999999924,-0.99999999997,-0.99999999997,-1.999999999924,0.99999999997,0.99999999997,-1.999996695537434e-09,-1.999996695537434e-09,-1.999996695537434e-09,1.999999999924,-0.99999999997,-0.99999999997,-1.999999999924e-09,9.999999999700001e-10,9.999999999700001e-10,-1.600009014168791e-11,-1.999996695537434e-09,1.600009014168791e-11,0,1.999999999924,-0.99999999997,-0.99999999997,0,0,0,-1.999999999924,0.99999999997,0.99999999997,-1.999999999924e-09,9.999999999700001e-10,9.999999999700001e-10
2.4,0,2.999996695507434e-09,2.999996695507434e-09,199.9999999924,-99.999999997,-99.999999997,0,0,1.600009014168791e-11,125,1.999996695537434e-09,-1.999999999924,0.99999999997,0.99999999997,1e-09,1e-09,1e-09,-1.999999999924e-09,9.999999999700001e-10,9.999999999700001e-10,90,0.95,25,3,4,1,1,1,2,2,2,1,1,1,3,1.999999999924,-0.99999999997,-0.99999999997,-1.999999999924,0.99999999997,0.99999999997,-1.999996695537434e-09,-1.999996695537434e-09,-1.999996695537434e-09,1.999999999924,-0.99999999997,-0.99999999997,-1.999999999924e-09,9.999999999700001e-10,9.999999999700001e-10,-1.600009014168791e-11,-1.999996695537434e-09,1.600009014168791e-11,0,1.999999999924,-0.99999999997,-0.99999999997,0,0,0,-1.999999999924,0.99999999997,0.99999999997,-1.999999999924e-09,9.999999999700001e-10,9.999999999700001e-10
2.5,0,2.999996695507434e-09,2.999996695507434e-09,199.9999999924,-99.999999997,-99.999999997,0,0,1.600009014168791e-11,125,1.999996695537434e-09,-1.999999999924,0.99999999997,0.99999999997,1e-09,1e-09,1e-09,-1.999999999924e-09,9.999999999700001e-10,9.999999999700001e-10,90,0.95,25,3,4,1,1,1,2,2,2,1,1,1,3,1.999999999924,-0.99999999997,-0.99999999997,-1.999999999924,0.99999999997,0.99999999997,-1.999996695537434e-09,-1.999996695537434e-09,-1.999996695537434e-09,1.999999999924,-0.99999999997,-0.99999999997,-1.999999999924e-09,9.999999999700001e-10,9.999999999700001e-10,-1.600009014168791e-11,-1.999996695537434e-09,1.600009014168791e-11,0,1.999999999924,-0.99999999997,-0.99999999997,0,0,0,-1.999999999924,0.99999999997,0.99999999997,-1.999999999924e-09,9.999999999700001e-10,9.999999999700001e-10
2.6,0,2.999996695507434e-09,2.999996695507434e-09,199.9999999924,-99.999999997,-99.999999997,0,0,1.600009014168791e-11,125,1.999996695537434e-09,-1.999999999924,0.99999999997,0.99999999997,1e-09,1e-09,1e-09,-1.999999999924e-09,9.999999999700001e-10,9.999999999700001e-10,90,0.95,25,3,4,1,1,1,2,2,2,1,1,1,3,1.999999999924,-0.99999999997,-0.99999999997,-1.999999999924,0.99999999997,0.99999999997,-1.999996695537434e-09,-1.999996695537434e-09,-1.999996695537434e-09,1.999999999924,-0.99999999997,-0.99999999997,-1.999999999924e-09,9.999999999700001e-10,9.999999999700001e-10,-1.600009014168791e-11,-1.999996695537434e-09,1.600009014168791e-11,0,1.999999999924,-0.99999999997,-0.99999999997,0,0,0,-1.999999999924,0.99999999997,0.99999999997,-1.999999999924e-09,9.999999999700001e-10,9.999999999700001e-10
2.7,0,2.999996695507434e-09,2.999996695507434e-09,199.9999999924,-99.999999997,-99.999999997,0,0,1.600009014168791e-11,125,1.999996695537434e-09,-1.999999999924,0.99999999997,0.99999999997,1e-09,1e-09,1e-09,-1.999999999924e-09,9.999999999700001e-10,9.999999999700001e-10,90,0.95,25,3,4,1,1,1,2,2,2,1,1,1,3,1.999999999924,-0.99999999997,-0.99999999997,-1.999999999924,0.99999999997,0.99999999997,-1.999996695537434e-09,-1.999996695537434e-09,-1.999996695537434e-09,1.999999999924,-0.99999999997,-0.99999999997,-1.999999999924e-09,9.999999999700001e-10,9.999999999700001e-10,-1.600009014168791e-11,-1.999996695537434e-09,1.600009014168791e-11,0,1.999999999924,-0.99999999997,-0.99999999997,0,0,0,-1.999999999924,0.99999999997,0.99999999997,-1.999999999924e-09,9.999999999700001e-10,9.999999999700001e-10
2.8,0,2.999996695507434e-09,2.999996695507434e-09,199.9999999924,-99.999999997,-99.999999997,0,0,1.600009014168791e-11,125,1.999996695537434e-09,-1.999999999924,0.99999999997,0.99999999997,1e-09,1e-09,1e-09,-1.999999999924e-09,9.999999999700001e-10,9.999999999700001e-10,90,0.95,25,3,4,1,1,1,2,2,2,1,1,1,3,1.999999999924,-0.99999999997,-0.99999999997,-1.999999999924,0.99999999997,0.99999999997,-1.999996695537434e-09,-1.999996695537434e-09,-1.999996695537434e-09,1.999999999924,-0.99999999997,-0.99999999997,-1.999999999924e-09,9.999999999700001e-10,9.999999999700001e-10,-1.600009014168791e-11,-1.999996695537434e-09,1.600009014168791e-11,0,1.999999999924,-0.99999999997,-0.99999999997,0,0,0,-1.999999999924,0.99999999997,0.99999999997,-1.999999999924e-09,9.999999999700001e-10,9.999999999700001e-10
2.9,0,2.999996695507434e-09,2.999996695507434e-09,199.9999999924,-99.999999997,-99.999999997,0,0,1.600009014168791e-11,125,1.999996695537434e-09,-1.999999999924,0.99999999997,0.99999999997,1e-09,1e-09,1e-09,-1.999999999924e-09,9.999999999700001e-10,9.999999999700001e-10,90,0.95,25,3,4,1,1,1,2,2,2,1,1,1,3,1.999999999924,-0.99999999997,-0.99999999997,-1.999999999924,0.99999999997,0.99999999997,-1.999996695537434e-09,-1.999996695537434e-09,-1.999996695537434e-09,1.999999999924,-0.99999999997,-0.99999999997,-1.999999999924e-09,9.999999999700001e-10,9.999999999700001e-10,-1.600009014168791e-11,-1.999996695537434e-09,1.600009014168791e-11,0,1.999999999924,-0.99999999997,-0.99999999997,0,0,0,-1.999999999924,0.99999999997,0.99999999997,-1.999999999924e-09,9.999999999700001e-10,9.999999999700001e-10
3,0,2.999996695507434e-09,2.999996695507434e-09,199.9999999924,-99.999999997,-99.999999997,0,0,1.600009014168791e-11,125,1.999996695537434e-09,-1.999999999924,0.99999999997,0.99999999997,1e-09,1e-09,1e-09,-1.999999999924e-09,9.999999999700001e-10,9.999999999700001e-10,90,0.95,25,3,4,1,1,1,2,2,2,1,1,1,3,1.999999999924,-0.99999999997,-0.99999999997,-1.999999999924,0.99999999997,0.99999999997,-1.999996695537434e-09,-1.999996695537434e-09,-1.999996695537434e-09,1.999999999924,-0.99999999997,-0.99999999997,-1.999999999924e-09,9.999999999700001e-10,9.999999999700001e-10,-1.600009014168791e-11,-1.999996695537434e-09,1.600009014168791e-11,0,1.999999999924,-0.99999999997,-0.99999999997,0,0,0,-1.999999999924,0.99999999997,0.99999999997,-1.999999999924e-09,9.999999999700001e-10,9.999999999700001e-10
3.000000000600267,0,2.999996695507434e-09,2.999996695507434e-09,199.9999999924,-99.999999997,-99.999999997,0,0,1.600009014168791e-11,125,1.999996695537434e-09,-1.999999999924,0.99999999997,0.99999999997,1e-09,1e-09,1e-09,-1.999999999924e-09,9.999999999700001e-10,9.999999999700001e-10,90,0.95,25,3,4,1,1,1,2,2,2,1,1,1,3,1.999999999924,-0.99999999997,-0.99999999997,-1.999999999924,0.99999999997,0.99999999997,-1.999996695537434e-09,-1.999996695537434e-09,-1.999996695537434e-09,1.999999999924,-0.99999999997,-0.99999999997,-1.999999999924e-09,9.999999999700001e-10,9.999999999700001e-10,-1.600009014168791e-11,-1.999996695537434e-09,1.600009014168791e-11,0,1.999999999924,-0.99999999997,-0.99999999997,0,0,0,-1.999999999924,0.99999999997,0.99999999997,-1.999999999924e-09,9.999999999700001e-10,9.999999999700001e-10
3.000000000600267,88.235294636692,88.23529463669198,99.99999884740031,-11.764705363308,-11.76470536330802,-1.176470421082598e-06,0,0,0.2352941190308645,375,88.23529463657432,0.11764705363308,0.1176470536330803,1.176470421082598e-08,1e-09,1e-09,1000000000,1.1764705363308e-10,1.176470536330803e-10,11.76470421082598,90,0.95,75,3,1,1,1,1,2,2,1,1,1,1,2,-0.11764705363308,-0.1176470536330803,-1.176470421082598e-08,0.11764705363308,0.1176470536330803,1.176470421082598e-08,-88.23529463657432,-88.23529463657432,-88.23529463657432,-0.11764705363308,-0.1176470536330803,-1.176470421082598e-08,1.1764705363308e-10,1.176470536330803e-10,11.76470421082598,-0.2352941190308645,-88.23529463657432,0.2352941190308645,0,-0.11764705363308,-0.1176470536330803,-1.176470421082598e-08,0,0,0,0.11764705363308,0.1176470536330803,1.176470421082598e-08,1.1764705363308e-10,1.176470536330803e-10,11.76470421082598
3.1,88.23529463669196,88.23529463669198,99.99999882352958,-11.76470536330804,-11.76470536330803,-1.176470418695526e-06,0,0,0.2352941190308649,375,88.23529463657432,0.1176470536330804,0.1176470536330803,1.176470418695526e-08,1e-09,1e-09,1000000000,1.176470536330804e-10,1.176470536330803e-10,11.76470418695526,90,0.95,75,3,1,1,1,1,2,2,1,1,1,1,2,-0.1176470536330804,-0.1176470536330803,-1.176470418695526e-08,0.1176470536330804,0.1176470536330803,1.176470418695526e-08,-88.23529463657432,-88.23529463657432,-88.23529463657432,-0.1176470536330804,-0.1176470536330803,-1.176470418695526e-08,1.176470536330804e-10,1.176470536330803e-10,11.76470418695526,-0.2352941190308649,-88.23529463657432,0.2352941190308649,0,-0.1176470536330804,-0.1176470536330803,-1.176470418695526e-08,0,0,0,0.1176470536330804,0.1176470536330803,1.176470418695526e-08,1.176470536330804e-10,1.176470536330803e-10,11.76470418695526
3.2,88.23529463669198,88.23529463669196,99.99999882352958,-11.76470536330803,-11.76470536330804,-1.176470418695527e-06,1.387778780781446e-17,0,0.2352941190308648,375,88.23529463657431,0.1176470536330803,0.1176470536330804,1.176470418695527e-08,1e-09,1e-09,1000000000,1.176470536330803e-10,1.176470536330804e-10,11.76470418695527,90,0.95,75,3,1,1,1,1,2,2,1,1,1,1,2,-0.1176470536330803,-0.1176470536330804,-1.176470418695527e-08,0.1176470536330803,0.1176470536330804,1.176470418695527e-08,-88.23529463657431,-88.23529463657431,-88.23529463657431,-0.1176470536330803,-0.1176470536330804,-1.176470418695527e-08,1.176470536330803e-10,1.176470536330804e-10,11.76470418695527,-0.2352941190308648,-88.23529463657431,0.2352941190308648,0,-0.1176470536330803,-0.1176470536330804,-1.176470418695527e-08,0,0,0,0.1176470536330803,0.1176470536330804,1.176470418695527e-08,1.176470536330803e-10,1.176470536330804e-10,11.76470418695527
3.3,88.23529463669196,88.23529463669198,99.99999882352958,-11.76470536330804,-11.76470536330803,-1.176470418695526e-06,0,0,0.2352941190308649,375,88.23529463657432,0.1176470536330804,0.1176470536330803,1.176470418695526e-08,1e-09,1e-09,1000000000,1.176470536330804e-10,1.176470536330803e-10,11.76470418695526,90,0.95,75,3,1,1,1,1,2,2,1,1,1,1,2,-0.1176470536330804,-0.1176470536330803,-1.176470418695526e-08,0.1176470536330804,0.1176470536330803,1.176470418695526e-08,-88.23529463657432,-88.23529463657432,-88.23529463657432,-0.1176470536330804,-0.1176470536330803,-1.176470418695526e-08,1.176470536330804e-10,1.176470536330803e-10,11.76470418695526,-0.2352941190308649,-88.23529463657432,0.2352941190308649,0,-0.1176470536330804,-0.1176470536330803,-1.176470418695526e-08,0,0,0,0.1176470536330804,0.1176470536330803,1.176470418695526e-08,1.176470536330804e-10,1.176470536330803e-10,11.76470418695526
3.4,88.23529463669198,88.23529463669196,99.99999882352958,-11.76470536330803,-11.76470536330804,-1.176470418695527e-06,1.387778780781446e-17,0,0.2352941190308648,375,88.23529463657431,0.1176470536330803,0.1176470536330804,1.176470418695527e-08,1e-09,1e-09,1000000000,1.176470536330803e-10,1.176470536330804e-10,11.76470418695527,90,0.95,75,3,1,1,1,1,2,2,1,1,1,1,2,-0.1176470536330803,-0.1176470536330804,-1.176470418695527e-08,0.1176470536330803,0.1176470536330804,1.176470418695527e-08,-88.23529463657431,-88.23529463657431,-88.23529463657431,-0.1176470536330803,-0.1176470536330804,-1.176470418695527e-08,1.176470536330803e-10,1.176470536330804e-10,11.76470418695527,-0.2352941190308648,-88.23529463657431,0.2352941190308648,0,-0.1176470536330803,-0.1176470536330804,-1.176470418695527e-08,0,0,0,0.1176470536330803,0.1176470536330804,1.176470418695527e-08,1.176470536330803e-10,1.176470536330804e-10,11.76470418695527
3.5,88.23529463669196,88.23529463669198,99.99999882352958,-11.76470536330804,-11.76470536330803,-1.176470418695526e-06,0,0,0.2352941190308649,375,88.23529463657432,0.1176470536330804,0.1176470536330803,1.176470418695526e-08,1e-09,1e-09,1000000000,1.176470536330804e-10,1.176470536330803e-10,11.76470418695526,90,0.95,75,3,1,1,1,1,2,2,1,1,1,1,2,-0.1176470536330804,-0.1176470536330803,-1.176470418695526e-08,0.1176470536330804,0.1176470536330803,1.176470418695526e-08,-88.23529463657432,-88.23529463657432,-88.23529463657432,-0.1176470536330804,-0.1176470536330803,-1.176470418695526e-08,1.176470536330804e-10,1.176470536330803e-10,11.76470418695526,-0.2352941190308649,-88.23529463657432,0.2352941190308649,0,-0.1176470536330804,-0.1176470536330803,-1.176470418695526e-08,0,0,0,0.1176470536330804,0.1176470536330803,1.176470418695526e-08,1.176470536330804e-10,1.176470536330803e-10,11.76470418695526
3.6,88.23529463669198,88.23529463669196,99.99999882352958,-11.76470536330803,-11.76470536330804,-1.176470418695527e-06,1.387778780781446e-17,0,0.2352941190308648,375,88.23529463657431,0.1176470536330803,0.1176470536330804,1.176470418695527e-08,1e-09,1e-09,1000000000,1.176470536330803e-10,1.176470536330804e-10,11.76470418695527,90,0.95,75,3,1,1,1,1,2,2,1,1,1,1,2,-0.1176470536330803,-0.1176470536330804,-1.176470418695527e-08,0.1176470536330803,0.1176470536330804,1.176470418695527e-08,-88.23529463657431,-88.23529463657431,-88.23529463657431,-0.1176470536330803,-0.1176470536330804,-1.176470418695527e-08,1.176470536330803e-10,1.176470536330804e-10,11.76470418695527,-0.2352941190308648,-88.23529463657431,0.2352941190308648,0,-0.1176470536330803,-0.1176470536330804,-1.176470418695527e-08,0,0,0,0.1176470536330803,0.1176470536330804,1.176470418695527e-08,1.176470536330803e-10,1.176470536330804e-10,11.76470418695527
3.7,88.23529463669196,88.23529463669198,99.99999882352958,-11.76470536330804,-11.76470536330803,-1.176470418695526e-06,0,0,0.2352941190308649,375,88.23529463657432,0.1176470536330804,0.1176470536330803,1.176470418695526e-08,1e-09,1e-09,1000000000,1.176470536330804e-10,1.176470536330803e-10,11.76470418695526,90,0.95,75,3,1,1,1,1,2,2,1,1,1,1,2,-0.1176470536330804,-0.1176470536330803,-1.176470418695526e-08,0.1176470536330804,0.1176470536330803,1.176470418695526e-08,-88.23529463657432,-88.23529463657432,-88.23529463657432,-0.1176470536330804,-0.1176470536330803,-1.176470418695526e-08,1.176470536330804e-10,1.176470536330803e-10,11.76470418695526,-0.2352941190308649,-88.23529463657432,0.2352941190308649,0,-0.1176470536330804,-0.1176470536330803,-1.176470418695526e-08,0,0,0,0.1176470536330804,0.1176470536330803,1.176470418695526e-08,1.176470536330804e-10,1.176470536330803e-10,11.76470418695526
3.8,88.23529463669198,88.23529463669196,99.99999882352958,-11.76470536330803,-11.76470536330804,-1.176470418695527e-06,1.387778780781446e-17,0,0.2352941190308648,375,88.23529463657431,0.1176470536330803,0.1176470536330804,1.176470418695527e-08,1e-09,1e-09,1000000000,1.176470536330803e-10,1.176470536330804e-10,11.76470418695527,90,0.95,75,3,1,1,1,1,2,2,1,1,1,1,2,-0.1176470536330803,-0.1176470536330804,-1.176470418695527e-08,0.1176470536330803,0.1176470536330804,1.176470418695527e-08,-88.23529463657431,-88.23529463657431,-88.23529463657431,-0.1176470536330803,-0.1176470536330804,-1.176470418695527e-08,1.176470536330803e-10,1.176470536330804e-10,11.76470418695527,-0.2352941190308648,-88.23529463657431,0.2352941190308648,0,-0.1176470536330803,-0.1176470536330804,-1.176470418695527e-08,0,0,0,0.1176470536330803,0.1176470536330804,1.176470418695527e-08,1.176470536330803e-10,1.176470536330804e-10,11.76470418695527
3.9,88.23529463669196,88.23529463669198,99.99999882352958,-11.76470536330804,-11.76470536330803,-1.176470418695526e-06,0,0,0.2352941190308649,375,88.23529463657432,0.1176470536330804,0.1176470536330803,1.176470418695526e-08,1e-09,1e-09,1000000000,1.176470536330804e-10,1.176470536330803e-10,11.76470418695526,90,0.95,75,3,1,1,1,1,2,2,1,1,1,1,2,-0.1176470536330804,-0.1176470536330803,-1.176470418695526e-08,0.1176470536330804,0.1176470536330803,1.176470418695526e-08,-88.23529463657432,-88.23529463657432,-88.23529463657432,-0.1176470536330804,-0.1176470536330803,-1.176470418695526e-08,1.176470536330804e-10,1.176470536330803e-10,11.76470418695526,-0.2352941190308649,-88.23529463657432,0.2352941190308649,0,-0.1176470536330804,-0.1176470536330803,-1.176470418695526e-08,0,0,0,0.1176470536330804,0.1176470536330803,1.176470418695526e-08,1.176470536330804e-10,1.176470536330803e-10,11.76470418695526
4,88.23529463669198,88.23529463669196,99.99999882352958,-11.76470536330803,-11.76470536330804,-1.176470418695527e-06,1.387778780781446e-17,0,0.2352941190308648,375,88.23529463657431,0.1176470536330803,0.1176470536330804,1.176470418695527e-08,1e-09,1e-09,1000000000,1.176470536330803e-10,1.176470536330804e-10,11.76470418695527,90,0.95,75,3,1,1,1,1,2,2,1,1,1,1,2,-0.1176470536330803,-0.1176470536330804,-1.176470418695527e-08,0.1176470536330803,0.1176470536330804,1.176470418695527e-08,-88.23529463657431,-88.23529463657431,-88.23529463657431,-0.1176470536330803,-0.1176470536330804,-1.176470418695527e-08,1.176470536330803e-10,1.176470536330804e-10,11.76470418695527,-0.2352941190308648,-88.23529463657431,0.2352941190308648,0,-0.1176470536330803,-0.1176470536330804,-1.176470418695527e-08,0,0,0,0.1176470536330803,0.1176470536330804,1.176470418695527e-08,1.176470536330803e-10,1.176470536330804e-10,11.76470418695527
4.000000000800355,88.23529463669196,88.23529463669198,99.99999882352958,-11.76470536330804,-11.76470536330803,-1.176470418695526e-06,0,0,0.2352941190308649,375,88.23529463657432,0.1176470536330804,0.1176470536330803,1.176470418695526e-08,1e-09,1e-09,1000000000,1.176470536330804e-10,1.176470536330803e-10,11.76470418695526,90,0.95,75,3,1,1,1,1,2,2,1,1,1,1,2,-0.1176470536330804,-0.1176470536330803,-1.176470418695526e-08,0.1176470536330804,0.1176470536330803,1.176470418695526e-08,-88.23529463657432,-88.23529463657432,-88.23529463657432,-0.1176470536330804,-0.1176470536330803,-1.176470418695526e-08,1.176470536330804e-10,1.176470536330803e-10,11.76470418695526,-0.2352941190308649,-88.23529463657432,0.2352941190308649,0,-0.1176470536330804,-0.1176470536330803,-1.176470418695526e-08,0,0,0,0.1176470536330804,0.1176470536330803,1.176470418695526e-08,1.176470536330804e-10,1.176470536330803e-10,11.76470418695526
4.000000000800355,0,2.999996695507434e-09,2.999996695507434e-09,199.9999999932,-99.999999997,-99.999999997,0,0,8.000045070843953e-12,250,1.999996695537434e-09,-1.999999999932,0.99999999997,0.99999999997,1e-09,1e-09,1e-09,-1.999999999932e-09,9.999999999700001e-10,9.999999999700001e-10,90,0.95,50,3,4,1,1,1,2,2,2,1,1,1,3,1.999999999932,-0.99999999997,-0.99999999997,-1.999999999932,0.99999999997,0.99999999997,-1.999996695537434e-09,-1.999996695537434e-09,-1.999996695537434e-09,1.999999999932,-0.99999999997,-0.99999999997,-1.999999999932e-09,9.999999999700001e-10,9.999999999700001e-10,-8.000045070843953e-12,-1.999996695537434e-09,8.000045070843953e-12,0,1.999999999932,-0.99999999997,-0.99999999997,0,0,0,-1.999999999932,0.99999999997,0.99999999997,-1.999999999932e-09,9.999999999700001e-10,9.999999999700001e-10
4.1,0,2.999996695507434e-09,2.999996695507434e-09,199.9999999932,-99.999999997,-99.999999997,0,0,8.000045070843953e-12,250,1.999996695537434e-09,-1.999999999932,0.99999999997,0.99999999997,1e-09,1e-09,1e-09,-1.999999999932e-09,9.999999999700001e-10,9.999999999700001e-10,90,0.95,50,3,4,1,1,1,2,2,2,1,1,1,3,1.999999999932,-0.99999999997,-0.99999999997,-1.999999999932,0.99999999997,0.99999999997,-1.999996695537434e-09,-1.999996695537434e-09,-1.999996695537434e-09,1.999999999932,-0.99999999997,-0.99999999997,-1.999999999932e-09,9.999999999700001e-10,9.999999999700001e-10,-8.000045070843953e-12,-1.999996695537434e-09,8.000045070843953e-12,0,1.999999999932,-0.99999999997,-0.99999999997,0,0,0,-1.999999999932,0.99999999997,0.99999999997,-1.999999999932e-09,9.999999999700001e-10,9.999999999700001e-10
4.2,0,2.999996695507434e-09,2.999996695507434e-09,199.9999999932,-99.999999997,-99.999999997,0,0,8.000045070843953e-12,250,1.999996695537434e-09,-1.999999999932,0.99999999997,0.99999999997,1e-09,1e-09,1e-09,-1.999999999932e-09,9.999999999700001e-10,9.999999999700001e-10,90,0.95,50,3,4,1,1,1,2,2,2,1,1,1,3,1.999999999932,-0.99999999997,-0.99999999997,-1.999999999932,0.99999999997,0.99999999997,-1.999996695537434e-09,-1.999996695537434e-09,-1.999996695537434e-09,1.999999999932,-0.99999999997,-0.99999999997,-1.999999999932e-09,9.999999999700001e-10,9.999999999700001e-10,-8.000045070843953e-12,-1.999996695537434e-09,8.000045070843953e-12,0,1.999999999932,-0.99999999997,-0.99999999997,0,0,0,-1.999999999932,0.99999999997,0.99999999997,-1.999999999932e-09,9.999999999700001e-10,9.999999999700001e-10
4.3,0,2.999996695507434e-09,2.999996695507434e-09,199.9999999932,-99.999999997,-99.999999997,0,0,8.000045070843953e-12,250,1.999996695537434e-09,-1.999999999932,0.99999999997,0.99999999997,1e-09,1e-09,1e-09,-1.999999999932e-09,9.999999999700001e-10,9.999999999700001e-10,90,0.95,50,3,4,1,1,1,2,2,2,1,1,1,3,1.999999999932,-0.99999999997,-0.99999999997,-1.999999999932,0.99999999997,0.99999999997,-1.999996695537434e-09,-1.999996695537434e-09,-1.999996695537434e-09,1.999999999932,-0.99999999997,-0.99999999997,-1.999999999932e-09,9.999999999700001e-10,9.999999999700001e-10,-8.000045070843953e-12,-1.999996695537434e-09,8.000045070843953e-12,0,1.999999999932,-0.99999999997,-0.99999999997,0,0,0,-1.999999999932,0.99999999997,0.99999999997,-1.999999999932e-09,9.999999999700001e-10,9.999999999700001e-10
4.4,0,2.999996695507434e-09,2.999996695507434e-09,199.9999999932,-99.999999997,-99.999999997,0,0,8.000045070843953e-12,250,1.999996695537434e-09,-1.999999999932,0.99999999997,0.99999999997,1e-09,1e-09,1e-09,-1.999999999932e-09,9.999999999700001e-10,9.999999999700001e-10,90,0.95,50,3,4,1,1,1,2,2,2,1,1,1,3,1.999999999932,-0.99999999997,-0.99999999997,-1.999999999932,0.99999999997,0.99999999997,-1.999996695537434e-09,-1.999996695537434e-09,-1.999996695537434e-09,1.999999999932,-0.99999999997,-0.99999999997,-1.999999999932e-09,9.999999999700001e-10,9.999999999700001e-10,-8.000045070843953e-12,-1.999996695537434e-09,8.000045070843953e-12,0,1.999999999932,-0.99999999997,-0.99999999997,0,0,0,-1.999999999932,0.99999999997,0.99999999997,-1.999999999932e-09,9.999999999700001e-10,9.999999999700001e-10
4.5,0,2.999996695507434e-09,2.999996695507434e-09,199.9999999932,-99.999999997,-99.999999997,0,0,8.000045070843953e-12,250,1.999996695537434e-09,-1.999999999932,0.99999999997,0.99999999997,1e-09,1e-09,1e-09,-1.999999999932e-09,9.999999999700001e-10,9.999999999700001e-10,90,0.95,50,3,4,1,1,1,2,2,2,1,1,1,3,1.999999999932,-0.99999999997,-0.99999999997,-1.999999999932,0.99999999997,0.99999999997,-1.999996695537434e-09,-1.999996695537434e-09,-1.999996695537434e-09,1.999999999932,-0.99999999997,-0.99999999997,-1.999999999932e-09,9.999999999700001e-10,9.999999999700001e-10,-8.000045070843953e-12,-1.999996695537434e-09,8.000045070843953e-12,0,1.999999999932,-0.99999999997,-0.99999999997,0,0,0,-1.999999999932,0.99999999997,0.99999999997,-1.999999999932e-09,9.999999999700001e-10,9.999999999700001e-10
4.6,0,2.999996695507434e-09,2.999996695507434e-09,199.9999999932,-99.999999997,-99.999999997,0,0,8.000045070843953e-12,250,1.999996695537434e-09,-1.999999999932,0.99999999997,0.99999999997,1e-09,1e-09,1e-09,-1.999999999932e-09,9.999999999700001e-10,9.999999999700001e-10,90,0.95,50,3,4,1,1,1,2,2,2,1,1,1,3,1.999999999932,-0.99999999997,-0.99999999997,-1.999999999932,0.99999999997,0.99999999997,-1.999996695537434e-09,-1.999996695537434e-09,-1.999996695537434e-09,1.999999999932,-0.99999999997,-0.99999999997,-1.999999999932e-09,9.999999999700001e-10,9.999999999700001e-10,-8.000045070843953e-12,-1.999996695537434e-09,8.000045070843953e-12,0,1.999999999932,-0.99999999997,-0.99999999997,0,0,0,-1.999999999932,0.99999999997,0.99999999997,-1.999999999932e-09,9.999999999700001e-10,9.999999999700001e-10
4.7,0,2.999996695507434e-09,2.999996695507434e-09,199.9999999932,-99.999999997,-99.999999997,0,0,8.000045070843953e-12,250,1.999996695537434e-09,-1.999999999932,0.99999999997,0.99999999997,1e-09,1e-09,1e-09,-1.999999999932e-09,9.999999999700001e-10,9.999999999700001e-10,90,0.95,50,3,4,1,1,1,2,2,2,1,1,1,3,1.999999999932,-0.99999999997,-0.99999999997,-1.999999999932,0.99999999997,0.99999999997,-1.999996695537434e-09,-1.999996695537434e-09,-1.999996695537434e-09,1.999999999932,-0.99999999997,-0.99999999997,-1.999999999932e-09,9.999999999700001e-10,9.999999999700001e-10,-8.000045070843953e-12,-1.999996695537434e-09,8.000045070843953e-12,0,1.999999999932,-0.99999999997,-0.99999999997,0,0,0,-1.999999999932,0.99999999997,0.99999999997,-1.999999999932e-09,9.999999999700001e-10,9.999999999700001e-10
4.8,0,2.999996695507434e-09,2.999996695507434e-09,199.9999999932,-99.999999997,-99.999999997,0,0,8.000045070843953e-12,250,1.999996695537434e-09,-1.999999999932,0.99999999997,0.99999999997,1e-09,1e-09,1e-09,-1.999999999932e-09,9.999999999700001e-10,9.999999999700001e-10,90,0.95,50,3,4,1,1,1,2,2,2,1,1,1,3,1.999999999932,-0.99999999997,-0.99999999997,-1.999999999932,0.99999999997,0.99999999997,-1.999996695537434e-09,-1.999996695537434e-09,-1.999996695537434e-09,1.999999999932,-0.99999999997,-0.99999999997,-1.999999999932e-09,9.999999999700001e-10,9.999999999700001e-10,-8.000045070843953e-12,-1.999996695537434e-09,8.000045070843953e-12,0,1.999999999932,-0.99999999997,-0.99999999997,0,0,0,-1.999999999932,0.99999999997,0.99999999997,-1.999999999932e-09,9.999999999700001e-10,9.999999999700001e-10
4.9,0,2.999996695507434e-09,2.999996695507434e-09,199.9999999932,-99.999999997,-99.999999997,0,0,8.000045070843953e-12,250,1.999996695537434e-09,-1.999999999932,0.99999999997,0.99999999997,1e-09,1e-09,1e-09,-1.999999999932e-09,9.999999999700001e-10,9.999999999700001e-10,90,0.95,50,3,4,1,1,1,2,2,2,1,1,1,3,1.999999999932,-0.99999999997,-0.99999999997,-1.999999999932,0.99999999997,0.99999999997,-1.999996695537434e-09,-1.999996695537434e-09,-1.999996695537434e-09,1.999999999932,-0.99999999997,-0.99999999997,-1.999999999932e-09,9.999999999700001e-10,9.999999999700001e-10,-8.000045070843953e-12,-1.999996695537434e-09,8.000045070843953e-12,0,1.999999999932,-0.99999999997,-0.99999999997,0,0,0,-1.999999999932,0.99999999997,0.99999999997,-1.999999999932e-09,9.999999999700001e-10,9.999999999700001e-10
5,0,2.999996695507434e-09,2.999996695507434e-09,199.9999999932,-99.999999997,-99.999999997,0,0,8.000045070843953e-12,250,1.999996695537434e-09,-1.999999999932,0.99999999997,0.99999999997,1e-09,1e-09,1e-09,-1.999999999932e-09,9.999999999700001e-10,9.999999999700001e-10,90,0.95,50,3,4,1,1,1,2,2,2,1,1,1,3,1.999999999932,-0.99999999997,-0.99999999997,-1.999999999932,0.99999999997,0.99999999997,-1.999996695537434e-09,-1.999996695537434e-09,-1.999996695537434e-09,1.999999999932,-0.99999999997,-0.99999999997,-1.999999999932e-09,9.999999999700001e-10,9.999999999700001e-10,-8.000045070843953e-12,-1.999996695537434e-09,8.000045070843953e-12,0,1.999999999932,-0.99999999997,-0.99999999997,0,0,0,-1.999999999932,0.99999999997,0.99999999997,-1.999999999932e-09,9.999999999700001e-10,9.999999999700001e-10
5.1,0,2.999996695507434e-09,2.999996695507434e-09,199.9999999932,-99.999999997,-99.999999997,0,0,8.000045070843953e-12,250,1.999996695537434e-09,-1.999999999932,0.99999999997,0.99999999997,1e-09,1e-09,1e-09,-1.999999999932e-09,9.999999999700001e-10,9.999999999700001e-10,90,0.95,50,3,4,1,1,1,2,2,2,1,1,1,3,1.999999999932,-0.99999999997,-0.99999999997,-1.999999999932,0.99999999997,0.99999999997,-1.999996695537434e-09,-1.999996695537434e-09,-1.999996695537434e-09,1.999999999932,-0.99999999997,-0.99999999997,-1.999999999932e-09,9.999999999700001e-10,9.999999999700001e-10,-8.000045070843953e-12,-1.999996695537434e-09,8.000045070843953e-12,0,1.999999999932,-0.99999999997,-0.99999999997,0,0,0,-1.999999999932,0.99999999997,0.99999999997,-1.999999999932e-09,9.999999999700001e-10,9.999999999700001e-10
5.2,0,2.999996695507434e-09,2.999996695507434e-09,199.9999999932,-99.999999997,-99.999999997,0,0,8.000045070843953e-12,250,1.999996695537434e-09,-1.999999999932,0.99999999997,0.99999999997,1e-09,1e-09,1e-09,-1.999999999932e-09,9.999999999700001e-10,9.999999999700001e-10,90,0.95,50,3,4,1,1,1,2,2,2,1,1,1,3,1.999999999932,-0.99999999997,-0.99999999997,-1.999999999932,0.99999999997,0.99999999997,-1.999996695537434e-09,-1.999996695537434e-09,-1.999996695537434e-09,1.999999999932,-0.99999999997,-0.99999999997,-1.999999999932e-09,9.999999999700001e-10,9.999999999700001e-10,-8.000045070843953e-12,-1.999996695537434e-09,8.000045070843953e-12,0,1.999999999932,-0.99999999997,-0.99999999997,0,0,0,-1.999999999932,0.99999999997,0.99999999997,-1.999999999932e-09,9.999999999700001e-10,9.999999999700001e-10
5.3,0,2.999996695507434e-09,2.999996695507434e-09,199.9999999932,-99.999999997,-99.999999997,0,0,8.000045070843953e-12,250,1.999996695537434e-09,-1.999999999932,0.99999999997,0.99999999997,1e-09,1e-09,1e-09,-1.999999999932e-09,9.999999999700001e-10,9.999999999700001e-10,90,0.95,50,3,4,1,1,1,2,2,2,1,1,1,3,1.999999999932,-0.99999999997,-0.99999999997,-1.999999999932,0.99999999997,0.99999999997,-1.999996695537434e-09,-1.999996695537434e-09,-1.999996695537434e-09,1.999999999932,-0.99999999997,-0.99999999997,-1.999999999932e-09,9.999999999700001e-10,9.999999999700001e-10,-8.000045070843953e-12,-1.999996695537434e-09,8.000045070843953e-12,0,1.999999999932,-0.99999999997,-0.99999999997,0,0,0,-1.999999999932,0.99999999997,0.99999999997,-1.999999999932e-09,9.999999999700001e-10,9.999999999700001e-10
5.4,0,2.999996695507434e-09,2.999996695507434e-09,199.9999999932,-99.999999997,-99.999999997,0,0,8.000045070843953e-12,250,1.999996695537434e-09,-1.999999999932,0.99999999997,0.99999999997,1e-09,1e-09,1e-09,-1.999999999932e-09,9.999999999700001e-10,9.999999999700001e-10,90,0.95,50,3,4,1,1,1,2,2,2,1,1,1,3,1.999999999932,-0.99999999997,-0.99999999997,-1.999999999932,0.99999999997,0.99999999997,-1.999996695537434e-09,-1.999996695537434e-09,-1.999996695537434e-09,1.999999999932,-0.99999999997,-0.99999999997,-1.999999999932e-09,9.999999999700001e-10,9.999999999700001e-10,-8.000045070843953e-12,-1.999996695537434e-09,8.000045070843953e-12,0,1.999999999932,-0.99999999997,-0.99999999997,0,0,0,-1.999999999932,0.99999999997,0.99999999997,-1.999999999932e-09,9.999999999700001e-10,9.999999999700001e-10
5.5,0,2.999996695507434e-09,2.999996695507434e-09,199.9999999932,-99.999999997,-99.999999997,0,0,8.000045070843953e-12,250,1.999996695537434e-09,-1.999999999932,0.99999999997,0.99999999997,1e-09,1e-09,1e-09,-1.999999999932e-09,9.999999999700001e-10,9.999999999700001e-10,90,0.95,50,3,4,1,1,1,2,2,2,1,1,1,3,1.999999999932,-0.99999999997,-0.99999999997,-1.999999999932,0.99999999997,0.99999999997,-1.999996695537434e-09,-1.999996695537434e-09,-1.999996695537434e-09,1.999999999932,-0.99999999997,-0.99999999997,-1.999999999932e-09,9.999999999700001e-10,9.999999999700001e-10,-8.000045070843953e-12,-1.999996695537434e-09,8.000045070843953e-12,0,1.999999999932,-0.99999999997,-0.99999999997,0,0,0,-1.999999999932,0.99999999997,0.99999999997,-1.999999999932e-09,9.999999999700001e-10,9.999999999700001e-10
5.6,0,2.999996695507434e-09,2.999996695507434e-09,199.9999999932,-99.999999997,-99.999999997,0,0,8.000045070843953e-12,250,1.999996695537434e-09,-1.999999999932,0.99999999997,0.99999999997,1e-09,1e-09,1e-09,-1.999999999932e-09,9.999999999700001e-10,9.999999999700001e-10,90,0.95,50,3,4,1,1,1,2,2,2,1,1,1,3,1.999999999932,-0.99999999997,-0.99999999997,-1.999999999932,0.99999999997,0.99999999997,-1.999996695537434e-09,-1.999996695537434e-09,-1.999996695537434e-09,1.999999999932,-0.99999999997,-0.99999999997,-1.999999999932e-09,9.999999999700001e-10,9.999999999700001e-10,-8.000045070843953e-12,-1.999996695537434e-09,8.000045070843953e-12,0,1.999999999932,-0.99999999997,-0.99999999997,0,0,0,-1.999999999932,0.99999999997,0.99999999997,-1.999999999932e-09,9.999999999700001e-10,9.999999999700001e-10
5.7,0,2.999996695507434e-09,2.999996695507434e-09,199.9999999932,-99.999999997,-99.999999997,0,0,8.000045070843953e-12,250,1.999996695537434e-09,-1.999999999932,0.99999999997,0.99999999997,1e-09,1e-09,1e-09,-1.999999999932e-09,9.999999999700001e-10,9.999999999700001e-10,90,0.95,50,3,4,1,1,1,2,2,2,1,1,1,3,1.999999999932,-0.99999999997,-0.99999999997,-1.999999999932,0.99999999997,0.99999999997,-1.999996695537434e-09,-1.999996695537434e-09,-1.999996695537434e-09,1.999999999932,-0.99999999997,-0.99999999997,-1.999999999932e-09,9.999999999700001e-10,9.999999999700001e-10,-8.000045070843953e-12,-1.999996695537434e-09,8.000045070843953e-12,0,1.999999999932,-0.99999999997,-0.99999999997,0,0,0,-1.999999999932,0.99999999997,0.99999999997,-1.999999999932e-09,9.999999999700001e-10,9.999999999700001e-10
5.8,0,2.999996695507434e-09,2.999996695507434e-09,199.9999999932,-99.999999997,-99.999999997,0,0,8.000045070843953e-12,250,1.999996695537434e-09,-1.999999999932,0.99999999997,0.99999999997,1e-09,1e-09,1e-09,-1.999999999932e-09,9.999999999700001e-10,9.999999999700001e-10,90,0.95,50,3,4,1,1,1,2,2,2,1,1,1,3,1.999999999932,-0.99999999997,-0.99999999997,-1.999999999932,0.99999999997,0.99999999997,-1.999996695537434e-09,-1.999996695537434e-09,-1.999996695537434e-09,1.999999999932,-0.99999999997,-0.99999999997,-1.999999999932e-09,9.999999999700001e-10,9.999999999700001e-10,-8.000045070843953e-12,-1.999996695537434e-09,8.000045070843953e-12,0,1.999999999932,-0.99999999997,-0.99999999997,0,0,0,-1.999999999932,0.99999999997,0.99999999997,-1.999999999932e-09,9.999999999700001e-10,9.999999999700001e-10
5.9,0,2.999996695507434e-09,2.999996695507434e-09,199.9999999932,-99.999999997,-99.999999997,0,0,8.000045070843953e-12,250,1.999996695537434e-09,-1.999999999932,0.99999999997,0.99999999997,1e-09,1e-09,1e-09,-1.999999999932e-09,9.999999999700001e-10,9.999999999700001e-10,90,0.95,50,3,4,1,1,1,2,2,2,1,1,1,3,1.999999999932,-0.99999999997,-0.99999999997,-1.999999999932,0.99999999997,0.99999999997,-1.999996695537434e-09,-1.999996695537434e-09,-1.999996695537434e-09,1.999999999932,-0.99999999997,-0.99999999997,-1.999999999932e-09,9.999999999700001e-10,9.999999999700001e-10,-8.000045070843953e-12,-1.999996695537434e-09,8.000045070843953e-12,0,1.999999999932,-0.99999999997,-0.99999999997,0,0,0,-1.999999999932,0.99999999997,0.99999999997,-1.999999999932e-09,9.999999999700001e-10,9.999999999700001e-10
6,0,2.999996695507434e-09,2.999996695507434e-09,199.9999999932,-99.999999997,-99.999999997,0,0,8.000045070843953e-12,250,1.999996695537434e-09,-1.999999999932,0.99999999997,0.99999999997,1e-09,1e-09,1e-09,-1.999999999932e-09,9.999999999700001e-10,9.999999999700001e-10,90,0.95,50,3,4,1,1,1,2,2,2,1,1,1,3,1.999999999932,-0.99999999997,-0.99999999997,-1.999999999932,0.99999999997,0.99999999997,-1.999996695537434e-09,-1.999996695537434e-09,-1.999996695537434e-09,1.999999999932,-0.99999999997,-0.99999999997,-1.999999999932e-09,9.999999999700001e-10,9.999999999700001e-10,-8.000045070843953e-12,-1.999996695537434e-09,8.000045070843953e-12,0,1.999999999932,-0.99999999997,-0.99999999997,0,0,0,-1.999999999932,0.99999999997,0.99999999997,-1.999999999932e-09,9.999999999700001e-10,9.999999999700001e-10
6,0,2.999996695507434e-09,2.999996695507434e-09,199.9999999932,-99.999999997,-99.999999997,0,0,8.000045070843953e-12,250,1.999996695537434e-09,-1.999999999932,0.99999999997,0.99999999997,1e-09,1e-09,1e-09,-1.999999999932e-09,9.999999999700001e-10,9.999999999700001e-10,90,0.95,50,3,4,1,1,1,2,2,2,1,1,1,3,1.999999999932,-0.99999999997,-0.99999999997,-1.999999999932,0.99999999997,0.99999999997,-1.999996695537434e-09,-1.999996695537434e-09,-1.999996695537434e-09,1.999999999932,-0.99999999997,-0.99999999997,-1.999999999932e-09,9.999999999700001e-10,9.999999999700001e-10,-8.000045070843953e-12,-1.999996695537434e-09,8.000045070843953e-12,0,1.999999999932,-0.99999999997,-0.99999999997,0,0,0,-1.999999999932,0.99999999997,0.99999999997,-1.999999999932e-09,9.999999999700001e-10,9.999999999700001e-10
