"time","circ1.bats[1].v","circ1.bats[2].v","circ1.bats[3].v","circ1.bats[1].vr","circ1.bats[2].vr","circ1.bats[3].vr","circ1.gnd.p.i","circ1.gnd.p.v","circ1.r_load.i","circ1.r_load.r_int","circ1.s[1].i","circ1.s[2].i","circ1.s[3].i","circ1.s[1].r_int","circ1.s[2].r_int","circ1.s[3].r_int","circ1.s[1].v","circ1.s[2].v","circ1.s[3].v","circ1.target_v","circ1.tolerance","circ1.r_load.percentage","circ1.bat_num","circ1.bats[1].state","circ1.bats[2].state","circ1.bats[3].state","circ1.r_load.state","circ1.s[1].mode","circ1.s[2].mode","circ1.s[3].mode","circ1.s[1].state","circ1.s[2].state","circ1.s[3].state","on","circ1.bats[1].i","circ1.bats[2].i","circ1.bats[3].i","circ1.bats[1].m.i","circ1.bats[2].m.i","circ1.bats[3].m.i","circ1.bats[1].m.v","circ1.bats[2].m.v","circ1.bats[3].m.v","circ1.bats[1].p.i","circ1.bats[2].p.i","circ1.bats[3].p.i","circ1.bats[1].p.v","circ1.bats[2].p.v","circ1.bats[3].p.v","circ1.r_load.m.i","circ1.r_load.m.v","circ1.r_load.p.i","circ1.r_load.p.v","circ1.r_load.v","circ1.s[1].m.i","circ1.s[2].m.i","circ1.s[3].m.i","circ1.s[1].m.v","circ1.s[2].m.v","circ1.s[3].m.v","circ1.s[1].p.i","circ1.s[2].p.i","circ1.s[3].p.i","circ1.s[1].p.v","circ1.s[2].p.v","circ1.s[3].p.v"
0,0,99.99999000000101,99.99999000000101,1.99999979999602e-05,-9.9999990000001e-06,-9.9999990000001e-06,0,0,4.000113093408433e-19,500,-1.99999979999602e-07,9.9999990000001e-08,9.9999990000001e-08,1e-09,1000000000,1000000000,0,99.99999000000101,99.99999000000101,90,0.9,100,3,2,1,1,1,2,1,1,1,1,1,1,1.99999979999602e-07,-9.9999990000001e-08,-9.9999990000001e-08,-1.99999979999602e-07,9.9999990000001e-08,9.9999990000001e-08,0,0,0,1.99999979999602e-07,-9.9999990000001e-08,-9.9999990000001e-08,0,99.99999000000101,99.99999000000101,-4.000113093408433e-19,0,4.000113093408433e-19,0,-0,1.99999979999602e-07,-9.9999990000001e-08,-9.9999990000001e-08,0,0,0,-1.99999979999602e-07,9.9999990000001e-08,9.9999990000001e-08,0,99.99999000000101,99.99999000000101
1.004082150757313e-10,0,99.99999000000101,99.99999000000101,1.99999979999602e-05,-9.9999990000001e-06,-9.9999990000001e-06,0,0,4.000113093408433e-19,500,-1.99999979999602e-07,9.9999990000001e-08,9.9999990000001e-08,1e-09,1000000000,1000000000,0,99.99999000000101,99.99999000000101,90,0.9,100,3,2,1,1,1,2,1,1,1,1,1,1,1.99999979999602e-07,-9.9999990000001e-08,-9.9999990000001e-08,-1.99999979999602e-07,9.9999990000001e-08,9.9999990000001e-08,0,0,0,1.99999979999602e-07,-9.9999990000001e-08,-9.9999990000001e-08,0,99.99999000000101,99.99999000000101,-4.000113093408433e-19,0,4.000113093408433e-19,0,-0,1.99999979999602e-07,-9.9999990000001e-08,-9.9999990000001e-08,0,0,0,-1.99999979999602e-07,9.9999990000001e-08,9.9999990000001e-08,0,99.99999000000101,99.99999000000101
1.004082150757313e-10,0,99.99999000000101,99.99999000000101,1.99999979999602e-05,-9.9999990000001e-06,-9.9999990000001e-06,0,0,4.000113093408433e-19,500,-1.99999979999602e-07,9.9999990000001e-08,9.9999990000001e-08,1e-09,1000000000,1000000000,0,99.99999000000101,99.99999000000101,90,0.9,100,3,2,1,1,1,2,1,1,1,1,1,1,1.99999979999602e-07,-9.9999990000001e-08,-9.9999990000001e-08,-1.99999979999602e-07,9.9999990000001e-08,9.9999990000001e-08,0,0,0,1.99999979999602e-07,-9.9999990000001e-08,-9.9999990000001e-08,0,99.99999000000101,99.99999000000101,-4.000113093408433e-19,0,4.000113093408433e-19,0,-0,1.99999979999602e-07,-9.9999990000001e-08,-9.9999990000001e-08,0,0,0,-1.99999979999602e-07,9.9999990000001e-08,9.9999990000001e-08,0,99.99999000000101,99.99999000000101
0.1,0,99.99999000000101,99.99999000000101,1.99999979999602e-05,-9.9999990000001e-06,-9.9999990000001e-06,0,0,4.000113093408433e-19,500,-1.99999979999602e-07,9.9999990000001e-08,9.9999990000001e-08,1e-09,1000000000,1000000000,0,99.99999000000101,99.99999000000101,90,0.9,100,3,2,1,1,1,2,1,1,1,1,1,1,1.99999979999602e-07,-9.9999990000001e-08,-9.9999990000001e-08,-1.99999979999602e-07,9.9999990000001e-08,9.9999990000001e-08,0,0,0,1.99999979999602e-07,-9.9999990000001e-08,-9.9999990000001e-08,0,99.99999000000101,99.99999000000101,-4.000113093408433e-19,0,4.000113093408433e-19,0,-0,1.99999979999602e-07,-9.9999990000001e-08,-9.9999990000001e-08,0,0,0,-1.99999979999602e-07,9.9999990000001e-08,9.9999990000001e-08,0,99.99999000000101,99.99999000000101
0.2,0,99.99999000000101,99.99999000000101,1.99999979999602e-05,-9.9999990000001e-06,-9.9999990000001e-06,0,0,4.000113093408433e-19,500,-1.99999979999602e-07,9.9999990000001e-08,9.9999990000001e-08,1e-09,1000000000,1000000000,0,99.99999000000101,99.99999000000101,90,0.9,100,3,2,1,1,1,2,1,1,1,1,1,1,1.99999979999602e-07,-9.9999990000001e-08,-9.9999990000001e-08,-1.99999979999602e-07,9.9999990000001e-08,9.9999990000001e-08,0,0,0,1.99999979999602e-07,-9.9999990000001e-08,-9.9999990000001e-08,0,99.99999000000101,99.99999000000101,-4.000113093408433e-19,0,4.000113093408433e-19,0,-0,1.99999979999602e-07,-9.9999990000001e-08,-9.9999990000001e-08,0,0,0,-1.99999979999602e-07,9.9999990000001e-08,9.9999990000001e-08,0,99.99999000000101,99.99999000000101
0.3,0,99.99999000000101,99.99999000000101,1.99999979999602e-05,-9.9999990000001e-06,-9.9999990000001e-06,0,0,4.000113093408433e-19,500,-1.99999979999602e-07,9.9999990000001e-08,9.9999990000001e-08,1e-09,1000000000,1000000000,0,99.99999000000101,99.99999000000101,90,0.9,100,3,2,1,1,1,2,1,1,1,1,1,1,1.99999979999602e-07,-9.9999990000001e-08,-9.9999990000001e-08,-1.99999979999602e-07,9.9999990000001e-08,9.9999990000001e-08,0,0,0,1.99999979999602e-07,-9.9999990000001e-08,-9.9999990000001e-08,0,99.99999000000101,99.99999000000101,-4.000113093408433e-19,0,4.000113093408433e-19,0,-0,1.99999979999602e-07,-9.9999990000001e-08,-9.9999990000001e-08,0,0,0,-1.99999979999602e-07,9.9999990000001e-08,9.9999990000001e-08,0,99.99999000000101,99.99999000000101
0.4,0,99.99999000000101,99.99999000000101,1.99999979999602e-05,-9.9999990000001e-06,-9.9999990000001e-06,0,0,4.000113093408433e-19,500,-1.99999979999602e-07,9.9999990000001e-08,9.9999990000001e-08,1e-09,1000000000,1000000000,0,99.99999000000101,99.99999000000101,90,0.9,100,3,2,1,1,1,2,1,1,1,1,1,1,1.99999979999602e-07,-9.9999990000001e-08,-9.9999990000001e-08,-1.99999979999602e-07,9.9999990000001e-08,9.9999990000001e-08,0,0,0,1.99999979999602e-07,-9.9999990000001e-08,-9.9999990000001e-08,0,99.99999000000101,99.99999000000101,-4.000113093408433e-19,0,4.000113093408433e-19,0,-0,1.99999979999602e-07,-9.9999990000001e-08,-9.9999990000001e-08,0,0,0,-1.99999979999602e-07,9.9999990000001e-08,9.9999990000001e-08,0,99.99999000000101,99.99999000000101
0.5,0,99.99999000000101,99.99999000000101,1.99999979999602e-05,-9.9999990000001e-06,-9.9999990000001e-06,0,0,4.000113093408433e-19,500,-1.99999979999602e-07,9.9999990000001e-08,9.9999990000001e-08,1e-09,1000000000,1000000000,0,99.99999000000101,99.99999000000101,90,0.9,100,3,2,1,1,1,2,1,1,1,1,1,1,1.99999979999602e-07,-9.9999990000001e-08,-9.9999990000001e-08,-1.99999979999602e-07,9.9999990000001e-08,9.9999990000001e-08,0,0,0,1.99999979999602e-07,-9.9999990000001e-08,-9.9999990000001e-08,0,99.99999000000101,99.99999000000101,-4.000113093408433e-19,0,4.000113093408433e-19,0,-0,1.99999979999602e-07,-9.9999990000001e-08,-9.9999990000001e-08,0,0,0,-1.99999979999602e-07,9.9999990000001e-08,9.9999990000001e-08,0,99.99999000000101,99.99999000000101
0.6,0,99.99999000000101,99.99999000000101,1.99999979999602e-05,-9.9999990000001e-06,-9.9999990000001e-06,0,0,4.000113093408433e-19,500,-1.99999979999602e-07,9.9999990000001e-08,9.9999990000001e-08,1e-09,1000000000,1000000000,0,99.99999000000101,99.99999000000101,90,0.9,100,3,2,1,1,1,2,1,1,1,1,1,1,1.99999979999602e-07,-9.9999990000001e-08,-9.9999990000001e-08,-1.99999979999602e-07,9.9999990000001e-08,9.9999990000001e-08,0,0,0,1.99999979999602e-07,-9.9999990000001e-08,-9.9999990000001e-08,0,99.99999000000101,99.99999000000101,-4.000113093408433e-19,0,4.000113093408433e-19,0,-0,1.99999979999602e-07,-9.9999990000001e-08,-9.9999990000001e-08,0,0,0,-1.99999979999602e-07,9.9999990000001e-08,9.9999990000001e-08,0,99.99999000000101,99.99999000000101
0.7,0,99.99999000000101,99.99999000000101,1.99999979999602e-05,-9.9999990000001e-06,-9.9999990000001e-06,0,0,4.000113093408433e-19,500,-1.99999979999602e-07,9.9999990000001e-08,9.9999990000001e-08,1e-09,1000000000,1000000000,0,99.99999000000101,99.99999000000101,90,0.9,100,3,2,1,1,1,2,1,1,1,1,1,1,1.99999979999602e-07,-9.9999990000001e-08,-9.9999990000001e-08,-1.99999979999602e-07,9.9999990000001e-08,9.9999990000001e-08,0,0,0,1.99999979999602e-07,-9.9999990000001e-08,-9.9999990000001e-08,0,99.99999000000101,99.99999000000101,-4.000113093408433e-19,0,4.000113093408433e-19,0,-0,1.99999979999602e-07,-9.9999990000001e-08,-9.9999990000001e-08,0,0,0,-1.99999979999602e-07,9.9999990000001e-08,9.9999990000001e-08,0,99.99999000000101,99.99999000000101
0.8,0,99.99999000000101,99.99999000000101,1.99999979999602e-05,-9.9999990000001e-06,-9.9999990000001e-06,0,0,4.000113093408433e-19,500,-1.99999979999602e-07,9.9999990000001e-08,9.9999990000001e-08,1e-09,1000000000,1000000000,0,99.99999000000101,99.99999000000101,90,0.9,100,3,2,1,1,1,2,1,1,1,1,1,1,1.99999979999602e-07,-9.9999990000001e-08,-9.9999990000001e-08,-1.99999979999602e-07,9.9999990000001e-08,9.9999990000001e-08,0,0,0,1.99999979999602e-07,-9.9999990000001e-08,-9.9999990000001e-08,0,99.99999000000101,99.99999000000101,-4.000113093408433e-19,0,4.000113093408433e-19,0,-0,1.99999979999602e-07,-9.9999990000001e-08,-9.9999990000001e-08,0,0,0,-1.99999979999602e-07,9.9999990000001e-08,9.9999990000001e-08,0,99.99999000000101,99.99999000000101
0.9,0,99.99999000000101,99.99999000000101,1.99999979999602e-05,-9.9999990000001e-06,-9.9999990000001e-06,0,0,4.000113093408433e-19,500,-1.99999979999602e-07,9.9999990000001e-08,9.9999990000001e-08,1e-09,1000000000,1000000000,0,99.99999000000101,99.99999000000101,90,0.9,100,3,2,1,1,1,2,1,1,1,1,1,1,1.99999979999602e-07,-9.9999990000001e-08,-9.9999990000001e-08,-1.99999979999602e-07,9.9999990000001e-08,9.9999990000001e-08,0,0,0,1.99999979999602e-07,-9.9999990000001e-08,-9.9999990000001e-08,0,99.99999000000101,99.99999000000101,-4.000113093408433e-19,0,4.000113093408433e-19,0,-0,1.99999979999602e-07,-9.9999990000001e-08,-9.9999990000001e-08,0,0,0,-1.99999979999602e-07,9.9999990000001e-08,9.9999990000001e-08,0,99.99999000000101,99.99999000000101
1,0,99.99999000000101,99.99999000000101,1.99999979999602e-05,-9.9999990000001e-06,-9.9999990000001e-06,0,0,4.000113093408433e-19,500,-1.99999979999602e-07,9.9999990000001e-08,9.9999990000001e-08,1e-09,1000000000,1000000000,0,99.99999000000101,99.99999000000101,90,0.9,100,3,2,1,1,1,2,1,1,1,1,1,1,1.99999979999602e-07,-9.9999990000001e-08,-9.9999990000001e-08,-1.99999979999602e-07,9.9999990000001e-08,9.9999990000001e-08,0,0,0,1.99999979999602e-07,-9.9999990000001e-08,-9.9999990000001e-08,0,99.99999000000101,99.99999000000101,-4.000113093408433e-19,0,4.000113093408433e-19,0,-0,1.99999979999602e-07,-9.9999990000001e-08,-9.9999990000001e-08,0,0,0,-1.99999979999602e-07,9.9999990000001e-08,9.9999990000001e-08,0,99.99999000000101,99.99999000000101
1.000000000200089,0,99.99999000000101,99.99999000000101,1.99999979999602e-05,-9.9999990000001e-06,-9.9999990000001e-06,0,0,4.000113093408433e-19,500,-1.99999979999602e-07,9.9999990000001e-08,9.9999990000001e-08,1e-09,1000000000,1000000000,0,99.99999000000101,99.99999000000101,90,0.9,100,3,2,1,1,1,2,1,1,1,1,1,1,1.99999979999602e-07,-9.9999990000001e-08,-9.9999990000001e-08,-1.99999979999602e-07,9.9999990000001e-08,9.9999990000001e-08,0,0,0,1.99999979999602e-07,-9.9999990000001e-08,-9.9999990000001e-08,0,99.99999000000101,99.99999000000101,-4.000113093408433e-19,0,4.000113093408433e-19,0,-0,1.99999979999602e-07,-9.9999990000001e-08,-9.9999990000001e-08,0,0,0,-1.99999979999602e-07,9.9999990000001e-08,9.9999990000001e-08,0,99.99999000000101,99.99999000000101
1.000000000200089,0,2.999996695507434e-09,2.999996695507434e-09,199.9999999913333,-99.999999997,-99.999999997,0,0,2.666711296228641e-11,75,-1.999999999913333,0.99999999997,0.99999999997,1e-09,1e-09,1e-09,-1.999996695537434e-09,9.999999999700001e-10,9.999999999700001e-10,90,0.9,15,3,2,1,1,1,2,2,2,1,1,1,3,1.999999999913333,-0.99999999997,-0.99999999997,-1.999999999913333,0.99999999997,0.99999999997,-1.999996695537434e-09,-1.999996695537434e-09,-1.999996695537434e-09,1.999999999913333,-0.99999999997,-0.99999999997,-1.999996695537434e-09,9.999999999700001e-10,9.999999999700001e-10,-2.666711296228641e-11,-1.999996695537434e-09,2.666711296228641e-11,0,1.999996695537434e-09,1.999999999913333,-0.99999999997,-0.99999999997,0,0,0,-1.999999999913333,0.99999999997,0.99999999997,-1.999996695537434e-09,9.999999999700001e-10,9.999999999700001e-10
1.1,0,2.999996695507434e-09,2.999996695507434e-09,199.9999999913333,-99.999999997,-99.999999997,0,0,2.666666887307656e-11,75,-1.999999999913333,0.99999999997,0.99999999997,1e-09,1e-09,1e-09,-1.999996695537434e-09,9.999999999700001e-10,9.999999999700001e-10,90,0.9,15,3,2,1,1,1,2,2,2,1,1,1,3,1.999999999913333,-0.99999999997,-0.99999999997,-1.999999999913333,0.99999999997,0.99999999997,-1.999996695537434e-09,-1.999996695537434e-09,-1.999996695537434e-09,1.999999999913333,-0.99999999997,-0.99999999997,-1.999996695537434e-09,9.999999999700001e-10,9.999999999700001e-10,-2.666666887307656e-11,-1.999996695537434e-09,2.666666887307656e-11,0,1.999996695537434e-09,1.999999999913333,-0.99999999997,-0.99999999997,0,0,0,-1.999999999913333,0.99999999997,0.99999999997,-1.999996695537434e-09,9.999999999700001e-10,9.999999999700001e-10
1.2,0,2.999996695507434e-09,2.999996695507434e-09,199.9999999913333,-99.999999997,-99.999999997,0,0,2.666666887307656e-11,75,-1.999999999913333,0.99999999997,0.99999999997,1e-09,1e-09,1e-09,-1.999996695537434e-09,9.999999999700001e-10,9.999999999700001e-10,90,0.9,15,3,2,1,1,1,2,2,2,1,1,1,3,1.999999999913333,-0.99999999997,-0.99999999997,-1.999999999913333,0.99999999997,0.99999999997,-1.999996695537434e-09,-1.999996695537434e-09,-1.999996695537434e-09,1.999999999913333,-0.99999999997,-0.99999999997,-1.999996695537434e-09,9.999999999700001e-10,9.999999999700001e-10,-2.666666887307656e-11,-1.999996695537434e-09,2.666666887307656e-11,0,1.999996695537434e-09,1.999999999913333,-0.99999999997,-0.99999999997,0,0,0,-1.999999999913333,0.99999999997,0.99999999997,-1.999996695537434e-09,9.999999999700001e-10,9.999999999700001e-10
1.3,0,2.999996695507434e-09,2.999996695507434e-09,199.9999999913333,-99.999999997,-99.999999997,0,0,2.666666887307656e-11,75,-1.999999999913333,0.99999999997,0.99999999997,1e-09,1e-09,1e-09,-1.999996695537434e-09,9.999999999700001e-10,9.999999999700001e-10,90,0.9,15,3,2,1,1,1,2,2,2,1,1,1,3,1.999999999913333,-0.99999999997,-0.99999999997,-1.999999999913333,0.99999999997,0.99999999997,-1.999996695537434e-09,-1.999996695537434e-09,-1.999996695537434e-09,1.999999999913333,-0.99999999997,-0.99999999997,-1.999996695537434e-09,9.999999999700001e-10,9.999999999700001e-10,-2.666666887307656e-11,-1.999996695537434e-09,2.666666887307656e-11,0,1.999996695537434e-09,1.999999999913333,-0.99999999997,-0.99999999997,0,0,0,-1.999999999913333,0.99999999997,0.99999999997,-1.999996695537434e-09,9.999999999700001e-10,9.999999999700001e-10
1.4,0,2.999996695507434e-09,2.999996695507434e-09,199.9999999913333,-99.999999997,-99.999999997,0,0,2.666666887307656e-11,75,-1.999999999913333,0.99999999997,0.99999999997,1e-09,1e-09,1e-09,-1.999996695537434e-09,9.999999999700001e-10,9.999999999700001e-10,90,0.9,15,3,2,1,1,1,2,2,2,1,1,1,3,1.999999999913333,-0.99999999997,-0.99999999997,-1.999999999913333,0.99999999997,0.99999999997,-1.999996695537434e-09,-1.999996695537434e-09,-1.999996695537434e-09,1.999999999913333,-0.99999999997,-0.99999999997,-1.999996695537434e-09,9.999999999700001e-10,9.999999999700001e-10,-2.666666887307656e-11,-1.999996695537434e-09,2.666666887307656e-11,0,1.999996695537434e-09,1.999999999913333,-0.99999999997,-0.99999999997,0,0,0,-1.999999999913333,0.99999999997,0.99999999997,-1.999996695537434e-09,9.999999999700001e-10,9.999999999700001e-10
1.5,0,2.999996695507434e-09,2.999996695507434e-09,199.9999999913333,-99.999999997,-99.999999997,0,0,2.666666887307656e-11,75,-1.999999999913333,0.99999999997,0.99999999997,1e-09,1e-09,1e-09,-1.999996695537434e-09,9.999999999700001e-10,9.999999999700001e-10,90,0.9,15,3,2,1,1,1,2,2,2,1,1,1,3,1.999999999913333,-0.99999999997,-0.99999999997,-1.999999999913333,0.99999999997,0.99999999997,-1.999996695537434e-09,-1.999996695537434e-09,-1.999996695537434e-09,1.999999999913333,-0.99999999997,-0.99999999997,-1.999996695537434e-09,9.999999999700001e-10,9.999999999700001e-10,-2.666666887307656e-11,-1.999996695537434e-09,2.666666887307656e-11,0,1.999996695537434e-09,1.999999999913333,-0.99999999997,-0.99999999997,0,0,0,-1.999999999913333,0.99999999997,0.99999999997,-1.999996695537434e-09,9.999999999700001e-10,9.999999999700001e-10
1.6,0,2.999996695507434e-09,2.999996695507434e-09,199.9999999913333,-99.999999997,-99.999999997,0,0,2.666666887307656e-11,75,-1.999999999913333,0.99999999997,0.99999999997,1e-09,1e-09,1e-09,-1.999996695537434e-09,9.999999999700001e-10,9.999999999700001e-10,90,0.9,15,3,2,1,1,1,2,2,2,1,1,1,3,1.999999999913333,-0.99999999997,-0.99999999997,-1.999999999913333,0.99999999997,0.99999999997,-1.999996695537434e-09,-1.999996695537434e-09,-1.999996695537434e-09,1.999999999913333,-0.99999999997,-0.99999999997,-1.999996695537434e-09,9.999999999700001e-10,9.999999999700001e-10,-2.666666887307656e-11,-1.999996695537434e-09,2.666666887307656e-11,0,1.999996695537434e-09,1.999999999913333,-0.99999999997,-0.99999999997,0,0,0,-1.999999999913333,0.99999999997,0.99999999997,-1.999996695537434e-09,9.999999999700001e-10,9.999999999700001e-10
1.7,0,2.999996695507434e-09,2.999996695507434e-09,199.9999999913333,-99.999999997,-99.999999997,0,0,2.666666887307656e-11,75,-1.999999999913333,0.99999999997,0.99999999997,1e-09,1e-09,1e-09,-1.999996695537434e-09,9.999999999700001e-10,9.999999999700001e-10,90,0.9,15,3,2,1,1,1,2,2,2,1,1,1,3,1.999999999913333,-0.99999999997,-0.99999999997,-1.999999999913333,0.99999999997,0.99999999997,-1.999996695537434e-09,-1.999996695537434e-09,-1.999996695537434e-09,1.999999999913333,-0.99999999997,-0.99999999997,-1.999996695537434e-09,9.999999999700001e-10,9.999999999700001e-10,-2.666666887307656e-11,-1.999996695537434e-09,2.666666887307656e-11,0,1.999996695537434e-09,1.999999999913333,-0.99999999997,-0.99999999997,0,0,0,-1.999999999913333,0.99999999997,0.99999999997,-1.999996695537434e-09,9.999999999700001e-10,9.999999999700001e-10
1.8,0,2.999996695507434e-09,2.999996695507434e-09,199.9999999913333,-99.999999997,-99.999999997,0,0,2.666666887307656e-11,75,-1.999999999913333,0.99999999997,0.99999999997,1e-09,1e-09,1e-09,-1.999996695537434e-09,9.999999999700001e-10,9.999999999700001e-10,90,0.9,15,3,2,1,1,1,2,2,2,1,1,1,3,1.999999999913333,-0.99999999997,-0.99999999997,-1.999999999913333,0.99999999997,0.99999999997,-1.999996695537434e-09,-1.999996695537434e-09,-1.999996695537434e-09,1.999999999913333,-0.99999999997,-0.99999999997,-1.999996695537434e-09,9.999999999700001e-10,9.999999999700001e-10,-2.666666887307656e-11,-1.999996695537434e-09,2.666666887307656e-11,0,1.999996695537434e-09,1.999999999913333,-0.99999999997,-0.99999999997,0,0,0,-1.999999999913333,0.99999999997,0.99999999997,-1.999996695537434e-09,9.999999999700001e-10,9.999999999700001e-10
1.9,0,2.999996695507434e-09,2.999996695507434e-09,199.9999999913333,-99.999999997,-99.999999997,0,0,2.666666887307656e-11,75,-1.999999999913333,0.99999999997,0.99999999997,1e-09,1e-09,1e-09,-1.999996695537434e-09,9.999999999700001e-10,9.999999999700001e-10,90,0.9,15,3,2,1,1,1,2,2,2,1,1,1,3,1.999999999913333,-0.99999999997,-0.99999999997,-1.999999999913333,0.99999999997,0.99999999997,-1.999996695537434e-09,-1.999996695537434e-09,-1.999996695537434e-09,1.999999999913333,-0.99999999997,-0.99999999997,-1.999996695537434e-09,9.999999999700001e-10,9.999999999700001e-10,-2.666666887307656e-11,-1.999996695537434e-09,2.666666887307656e-11,0,1.999996695537434e-09,1.999999999913333,-0.99999999997,-0.99999999997,0,0,0,-1.999999999913333,0.99999999997,0.99999999997,-1.999996695537434e-09,9.999999999700001e-10,9.999999999700001e-10
2,0,2.999996695507434e-09,2.999996695507434e-09,199.9999999913333,-99.999999997,-99.999999997,0,0,2.666666887307656e-11,75,-1.999999999913333,0.99999999997,0.99999999997,1e-09,1e-09,1e-09,-1.999996695537434e-09,9.999999999700001e-10,9.999999999700001e-10,90,0.9,15,3,2,1,1,1,2,2,2,1,1,1,3,1.999999999913333,-0.99999999997,-0.99999999997,-1.999999999913333,0.99999999997,0.99999999997,-1.999996695537434e-09,-1.999996695537434e-09,-1.999996695537434e-09,1.999999999913333,-0.99999999997,-0.99999999997,-1.999996695537434e-09,9.999999999700001e-10,9.999999999700001e-10,-2.666666887307656e-11,-1.999996695537434e-09,2.666666887307656e-11,0,1.999996695537434e-09,1.999999999913333,-0.99999999997,-0.99999999997,0,0,0,-1.999999999913333,0.99999999997,0.99999999997,-1.999996695537434e-09,9.999999999700001e-10,9.999999999700001e-10
2.000000000400178,0,2.999996695507434e-09,2.999996695507434e-09,199.9999999913333,-99.999999997,-99.999999997,0,0,2.666666887307656e-11,75,-1.999999999913333,0.99999999997,0.99999999997,1e-09,1e-09,1e-09,-1.999996695537434e-09,9.999999999700001e-10,9.999999999700001e-10,90,0.9,15,3,2,1,1,1,2,2,2,1,1,1,3,1.999999999913333,-0.99999999997,-0.99999999997,-1.999999999913333,0.99999999997,0.99999999997,-1.999996695537434e-09,-1.999996695537434e-09,-1.999996695537434e-09,1.999999999913333,-0.99999999997,-0.99999999997,-1.999996695537434e-09,9.999999999700001e-10,9.999999999700001e-10,-2.666666887307656e-11,-1.999996695537434e-09,2.666666887307656e-11,0,1.999996695537434e-09,1.999999999913333,-0.99999999997,-0.99999999997,0,0,0,-1.999999999913333,0.99999999997,0.99999999997,-1.999996695537434e-09,9.999999999700001e-10,9.999999999700001e-10
2.000000000400178,0,2.999996695507434e-09,2.999996695507434e-09,199.9999999926667,-99.999999997,-99.999999997,0,0,1.333333443653828e-11,150,-1.999999999926667,0.99999999997,0.99999999997,1e-09,1e-09,1e-09,-1.999996695537434e-09,9.999999999700001e-10,9.999999999700001e-10,90,0.9,30,3,2,1,1,1,2,2,2,1,1,1,3,1.999999999926667,-0.99999999997,-0.99999999997,-1.999999999926667,0.99999999997,0.99999999997,-1.999996695537434e-09,-1.999996695537434e-09,-1.999996695537434e-09,1.999999999926667,-0.99999999997,-0.99999999997,-1.999996695537434e-09,9.999999999700001e-10,9.999999999700001e-10,-1.333333443653828e-11,-1.999996695537434e-09,1.333333443653828e-11,0,1.999996695537434e-09,1.999999999926667,-0.99999999997,-0.99999999997,0,0,0,-1.999999999926667,0.99999999997,0.99999999997,-1.999996695537434e-09,9.999999999700001e-10,9.999999999700001e-10
2.1,0,2.999996695507434e-09,2.999996695507434e-09,199.9999999926667,-99.999999997,-99.999999997,0,0,1.333333443653828e-11,150,-1.999999999926667,0.99999999997,0.99999999997,1e-09,1e-09,1e-09,-1.999996695537434e-09,9.999999999700001e-10,9.999999999700001e-10,90,0.9,30,3,2,1,1,1,2,2,2,1,1,1,3,1.999999999926667,-0.99999999997,-0.99999999997,-1.999999999926667,0.99999999997,0.99999999997,-1.999996695537434e-09,-1.999996695537434e-09,-1.999996695537434e-09,1.999999999926667,-0.99999999997,-0.99999999997,-1.999996695537434e-09,9.999999999700001e-10,9.999999999700001e-10,-1.333333443653828e-11,-1.999996695537434e-09,1.333333443653828e-11,0,1.999996695537434e-09,1.999999999926667,-0.99999999997,-0.99999999997,0,0,0,-1.999999999926667,0.99999999997,0.99999999997,-1.999996695537434e-09,9.999999999700001e-10,9.999999999700001e-10
2.2,0,2.999996695507434e-09,2.999996695507434e-09,199.9999999926667,-99.999999997,-99.999999997,0,0,1.333333443653828e-11,150,-1.999999999926667,0.99999999997,0.99999999997,1e-09,1e-09,1e-09,-1.999996695537434e-09,9.999999999700001e-10,9.999999999700001e-10,90,0.9,30,3,2,1,1,1,2,2,2,1,1,1,3,1.999999999926667,-0.99999999997,-0.99999999997,-1.999999999926667,0.99999999997,0.99999999997,-1.999996695537434e-09,-1.999996695537434e-09,-1.999996695537434e-09,1.999999999926667,-0.99999999997,-0.99999999997,-1.999996695537434e-09,9.999999999700001e-10,9.999999999700001e-10,-1.333333443653828e-11,-1.999996695537434e-09,1.333333443653828e-11,0,1.999996695537434e-09,1.999999999926667,-0.99999999997,-0.99999999997,0,0,0,-1.999999999926667,0.99999999997,0.99999999997,-1.999996695537434e-09,9.999999999700001e-10,9.999999999700001e-10
2.3,0,2.999996695507434e-09,2.999996695507434e-09,199.9999999926667,-99.999999997,-99.999999997,0,0,1.333333443653828e-11,150,-1.999999999926667,0.99999999997,0.99999999997,1e-09,1e-09,1e-09,-1.999996695537434e-09,9.999999999700001e-10,9.999999999700001e-10,90,0.9,30,3,2,1,1,1,2,2,2,1,1,1,3,1.999999999926667,-0.99999999997,-0.99999999997,-1.999999999926667,0.99999999997,0.99999999997,-1.999996695537434e-09,-1.999996695537434e-09,-1.999996695537434e-09,1.999999999926667,-0.99999999997,-0.99999999997,-1.999996695537434e-09,9.999999999700001e-10,9.999999999700001e-10,-1.333333443653828e-11,-1.999996695537434e-09,1.333333443653828e-11,0,1.999996695537434e-09,1.999999999926667,-0.99999999997,-0.99999999997,0,0,0,-1.999999999926667,0.99999999997,0.99999999997,-1.999996695537434e-09,9.999999999700001e-10,9.999999999700001e-10
2.4,0,2.999996695507434e-09,2.999996695507434e-09,199.9999999926667,-99.999999997,-99.999999997,0,0,1.333333443653828e-11,150,-1.999999999926667,0.99999999997,0.99999999997,1e-09,1e-09,1e-09,-1.999996695537434e-09,9.999999999700001e-10,9.999999999700001e-10,90,0.9,30,3,2,1,1,1,2,2,2,1,1,1,3,1.999999999926667,-0.99999999997,-0.99999999997,-1.999999999926667,0.99999999997,0.99999999997,-1.999996695537434e-09,-1.999996695537434e-09,-1.999996695537434e-09,1.999999999926667,-0.99999999997,-0.99999999997,-1.999996695537434e-09,9.999999999700001e-10,9.999999999700001e-10,-1.333333443653828e-11,-1.999996695537434e-09,1.333333443653828e-11,0,1.999996695537434e-09,1.999999999926667,-0.99999999997,-0.99999999997,0,0,0,-1.999999999926667,0.99999999997,0.99999999997,-1.999996695537434e-09,9.999999999700001e-10,9.999999999700001e-10
2.5,0,2.999996695507434e-09,2.999996695507434e-09,199.9999999926667,-99.999999997,-99.999999997,0,0,1.333333443653828e-11,150,-1.999999999926667,0.99999999997,0.99999999997,1e-09,1e-09,1e-09,-1.999996695537434e-09,9.999999999700001e-10,9.999999999700001e-10,90,0.9,30,3,2,1,1,1,2,2,2,1,1,1,3,1.999999999926667,-0.99999999997,-0.99999999997,-1.999999999926667,0.99999999997,0.99999999997,-1.999996695537434e-09,-1.999996695537434e-09,-1.999996695537434e-09,1.999999999926667,-0.99999999997,-0.99999999997,-1.999996695537434e-09,9.999999999700001e-10,9.999999999700001e-10,-1.333333443653828e-11,-1.999996695537434e-09,1.333333443653828e-11,0,1.999996695537434e-09,1.999999999926667,-0.99999999997,-0.99999999997,0,0,0,-1.999999999926667,0.99999999997,0.99999999997,-1.999996695537434e-09,9.999999999700001e-10,9.999999999700001e-10
2.6,0,2.999996695507434e-09,2.999996695507434e-09,199.9999999926667,-99.999999997,-99.999999997,0,0,1.333333443653828e-11,150,-1.999999999926667,0.99999999997,0.99999999997,1e-09,1e-09,1e-09,-1.999996695537434e-09,9.999999999700001e-10,9.999999999700001e-10,90,0.9,30,3,2,1,1,1,2,2,2,1,1,1,3,1.999999999926667,-0.99999999997,-0.99999999997,-1.999999999926667,0.99999999997,0.99999999997,-1.999996695537434e-09,-1.999996695537434e-09,-1.999996695537434e-09,1.999999999926667,-0.99999999997,-0.99999999997,-1.999996695537434e-09,9.999999999700001e-10,9.999999999700001e-10,-1.333333443653828e-11,-1.999996695537434e-09,1.333333443653828e-11,0,1.999996695537434e-09,1.999999999926667,-0.99999999997,-0.99999999997,0,0,0,-1.999999999926667,0.99999999997,0.99999999997,-1.999996695537434e-09,9.999999999700001e-10,9.999999999700001e-10
2.7,0,2.999996695507434e-09,2.999996695507434e-09,199.9999999926667,-99.999999997,-99.999999997,0,0,1.333333443653828e-11,150,-1.999999999926667,0.99999999997,0.99999999997,1e-09,1e-09,1e-09,-1.999996695537434e-09,9.999999999700001e-10,9.999999999700001e-10,90,0.9,30,3,2,1,1,1,2,2,2,1,1,1,3,1.999999999926667,-0.99999999997,-0.99999999997,-1.999999999926667,0.99999999997,0.99999999997,-1.999996695537434e-09,-1.999996695537434e-09,-1.999996695537434e-09,1.999999999926667,-0.99999999997,-0.99999999997,-1.999996695537434e-09,9.999999999700001e-10,9.999999999700001e-10,-1.333333443653828e-11,-1.999996695537434e-09,1.333333443653828e-11,0,1.999996695537434e-09,1.999999999926667,-0.99999999997,-0.99999999997,0,0,0,-1.999999999926667,0.99999999997,0.99999999997,-1.999996695537434e-09,9.999999999700001e-10,9.999999999700001e-10
2.8,0,2.999996695507434e-09,2.999996695507434e-09,199.9999999926667,-99.999999997,-99.999999997,0,0,1.333333443653828e-11,150,-1.999999999926667,0.99999999997,0.99999999997,1e-09,1e-09,1e-09,-1.999996695537434e-09,9.999999999700001e-10,9.999999999700001e-10,90,0.9,30,3,2,1,1,1,2,2,2,1,1,1,3,1.999999999926667,-0.99999999997,-0.99999999997,-1.999999999926667,0.99999999997,0.99999999997,-1.999996695537434e-09,-1.999996695537434e-09,-1.999996695537434e-09,1.999999999926667,-0.99999999997,-0.99999999997,-1.999996695537434e-09,9.999999999700001e-10,9.999999999700001e-10,-1.333333443653828e-11,-1.999996695537434e-09,1.333333443653828e-11,0,1.999996695537434e-09,1.999999999926667,-0.99999999997,-0.99999999997,0,0,0,-1.999999999926667,0.99999999997,0.99999999997,-1.999996695537434e-09,9.999999999700001e-10,9.999999999700001e-10
2.9,0,2.999996695507434e-09,2.999996695507434e-09,199.9999999926667,-99.999999997,-99.999999997,0,0,1.333333443653828e-11,150,-1.999999999926667,0.99999999997,0.99999999997,1e-09,1e-09,1e-09,-1.999996695537434e-09,9.999999999700001e-10,9.999999999700001e-10,90,0.9,30,3,2,1,1,1,2,2,2,1,1,1,3,1.999999999926667,-0.99999999997,-0.99999999997,-1.999999999926667,0.99999999997,0.99999999997,-1.999996695537434e-09,-1.999996695537434e-09,-1.999996695537434e-09,1.999999999926667,-0.99999999997,-0.99999999997,-1.999996695537434e-09,9.999999999700001e-10,9.999999999700001e-10,-1.333333443653828e-11,-1.999996695537434e-09,1.333333443653828e-11,0,1.999996695537434e-09,1.999999999926667,-0.99999999997,-0.99999999997,0,0,0,-1.999999999926667,0.99999999997,0.99999999997,-1.999996695537434e-09,9.999999999700001e-10,9.999999999700001e-10
3,0,2.999996695507434e-09,2.999996695507434e-09,199.9999999926667,-99.999999997,-99.999999997,0,0,1.333333443653828e-11,150,-1.999999999926667,0.99999999997,0.99999999997,1e-09,1e-09,1e-09,-1.999996695537434e-09,9.999999999700001e-10,9.999999999700001e-10,90,0.9,30,3,2,1,1,1,2,2,2,1,1,1,3,1.999999999926667,-0.99999999997,-0.99999999997,-1.999999999926667,0.99999999997,0.99999999997,-1.999996695537434e-09,-1.999996695537434e-09,-1.999996695537434e-09,1.999999999926667,-0.99999999997,-0.99999999997,-1.999996695537434e-09,9.999999999700001e-10,9.999999999700001e-10,-1.333333443653828e-11,-1.999996695537434e-09,1.333333443653828e-11,0,1.999996695537434e-09,1.999999999926667,-0.99999999997,-0.99999999997,0,0,0,-1.999999999926667,0.99999999997,0.99999999997,-1.999996695537434e-09,9.999999999700001e-10,9.999999999700001e-10
3.000000000600267,0,2.999996695507434e-09,2.999996695507434e-09,199.9999999926667,-99.999999997,-99.999999997,0,0,1.333333443653828e-11,150,-1.999999999926667,0.99999999997,0.99999999997,1e-09,1e-09,1e-09,-1.999996695537434e-09,9.999999999700001e-10,9.999999999700001e-10,90,0.9,30,3,2,1,1,1,2,2,2,1,1,1,3,1.999999999926667,-0.99999999997,-0.99999999997,-1.999999999926667,0.99999999997,0.99999999997,-1.999996695537434e-09,-1.999996695537434e-09,-1.999996695537434e-09,1.999999999926667,-0.99999999997,-0.99999999997,-1.999996695537434e-09,9.999999999700001e-10,9.999999999700001e-10,-1.333333443653828e-11,-1.999996695537434e-09,1.333333443653828e-11,0,1.999996695537434e-09,1.999999999926667,-0.99999999997,-0.99999999997,0,0,0,-1.999999999926667,0.99999999997,0.99999999997,-1.999996695537434e-09,9.999999999700001e-10,9.999999999700001e-10
3.000000000600267,0,99.99999000000101,99.99999000000101,1.998540410941274e-05,-9.999998995535719e-06,-9.999998995535719e-06,0,0,1.459388165869768e-10,500,-1.998540410941274e-07,9.999998995535719e-08,9.999998995535719e-08,1e-09,1000000000,1000000000,-4.464381220259384e-08,99.99998995535719,99.99998995535719,90,0.9,100,3,2,1,1,1,2,1,1,1,1,1,1,1.998540410941274e-07,-9.999998995535719e-08,-9.999998995535719e-08,-1.998540410941274e-07,9.999998995535719e-08,9.999998995535719e-08,-4.464381220259384e-08,-4.464381220259384e-08,-4.464381220259384e-08,1.998540410941274e-07,-9.999998995535719e-08,-9.999998995535719e-08,-4.464381220259384e-08,99.99998995535719,99.99998995535719,-1.459388165869768e-10,-4.464381220259384e-08,1.459388165869768e-10,0,4.464381220259384e-08,1.998540410941274e-07,-9.999998995535719e-08,-9.999998995535719e-08,0,0,0,-1.998540410941274e-07,9.999998995535719e-08,9.999998995535719e-08,-4.464381220259384e-08,99.99998995535719,99.99998995535719
3.1,0,99.99999000000101,99.99999000000101,1.99999979999602e-05,-9.9999990000001e-06,-9.9999990000001e-06,0,0,4.000113093408433e-19,500,-1.99999979999602e-07,9.9999990000001e-08,9.9999990000001e-08,1e-09,1000000000,1000000000,0,99.99999000000101,99.99999000000101,90,0.9,100,3,2,1,1,1,2,1,1,1,1,1,1,1.99999979999602e-07,-9.9999990000001e-08,-9.9999990000001e-08,-1.99999979999602e-07,9.9999990000001e-08,9.9999990000001e-08,0,0,0,1.99999979999602e-07,-9.9999990000001e-08,-9.9999990000001e-08,0,99.99999000000101,99.99999000000101,-4.000113093408433e-19,0,4.000113093408433e-19,0,-0,1.99999979999602e-07,-9.9999990000001e-08,-9.9999990000001e-08,0,0,0,-1.99999979999602e-07,9.9999990000001e-08,9.9999990000001e-08,0,99.99999000000101,99.99999000000101
3.2,0,99.99999000000101,99.99999000000101,1.99999979999602e-05,-9.9999990000001e-06,-9.9999990000001e-06,0,0,4.000113093408433e-19,500,-1.99999979999602e-07,9.9999990000001e-08,9.9999990000001e-08,1e-09,1000000000,1000000000,0,99.99999000000101,99.99999000000101,90,0.9,100,3,2,1,1,1,2,1,1,1,1,1,1,1.99999979999602e-07,-9.9999990000001e-08,-9.9999990000001e-08,-1.99999979999602e-07,9.9999990000001e-08,9.9999990000001e-08,0,0,0,1.99999979999602e-07,-9.9999990000001e-08,-9.9999990000001e-08,0,99.99999000000101,99.99999000000101,-4.000113093408433e-19,0,4.000113093408433e-19,0,-0,1.99999979999602e-07,-9.9999990000001e-08,-9.9999990000001e-08,0,0,0,-1.99999979999602e-07,9.9999990000001e-08,9.9999990000001e-08,0,99.99999000000101,99.99999000000101
3.3,0,99.99999000000101,99.99999000000101,1.99999979999602e-05,-9.9999990000001e-06,-9.9999990000001e-06,0,0,4.000113093408433e-19,500,-1.99999979999602e-07,9.9999990000001e-08,9.9999990000001e-08,1e-09,1000000000,1000000000,0,99.99999000000101,99.99999000000101,90,0.9,100,3,2,1,1,1,2,1,1,1,1,1,1,1.99999979999602e-07,-9.9999990000001e-08,-9.9999990000001e-08,-1.99999979999602e-07,9.9999990000001e-08,9.9999990000001e-08,0,0,0,1.99999979999602e-07,-9.9999990000001e-08,-9.9999990000001e-08,0,99.99999000000101,99.99999000000101,-4.000113093408433e-19,0,4.000113093408433e-19,0,-0,1.99999979999602e-07,-9.9999990000001e-08,-9.9999990000001e-08,0,0,0,-1.99999979999602e-07,9.9999990000001e-08,9.9999990000001e-08,0,99.99999000000101,99.99999000000101
3.4,0,99.99999000000101,99.99999000000101,1.99999979999602e-05,-9.9999990000001e-06,-9.9999990000001e-06,0,0,4.000113093408433e-19,500,-1.99999979999602e-07,9.9999990000001e-08,9.9999990000001e-08,1e-09,1000000000,1000000000,0,99.99999000000101,99.99999000000101,90,0.9,100,3,2,1,1,1,2,1,1,1,1,1,1,1.99999979999602e-07,-9.9999990000001e-08,-9.9999990000001e-08,-1.99999979999602e-07,9.9999990000001e-08,9.9999990000001e-08,0,0,0,1.99999979999602e-07,-9.9999990000001e-08,-9.9999990000001e-08,0,99.99999000000101,99.99999000000101,-4.000113093408433e-19,0,4.000113093408433e-19,0,-0,1.99999979999602e-07,-9.9999990000001e-08,-9.9999990000001e-08,0,0,0,-1.99999979999602e-07,9.9999990000001e-08,9.9999990000001e-08,0,99.99999000000101,99.99999000000101
3.5,0,99.99999000000101,99.99999000000101,1.99999979999602e-05,-9.9999990000001e-06,-9.9999990000001e-06,0,0,4.000113093408433e-19,500,-1.99999979999602e-07,9.9999990000001e-08,9.9999990000001e-08,1e-09,1000000000,1000000000,0,99.99999000000101,99.99999000000101,90,0.9,100,3,2,1,1,1,2,1,1,1,1,1,1,1.99999979999602e-07,-9.9999990000001e-08,-9.9999990000001e-08,-1.99999979999602e-07,9.9999990000001e-08,9.9999990000001e-08,0,0,0,1.99999979999602e-07,-9.9999990000001e-08,-9.9999990000001e-08,0,99.99999000000101,99.99999000000101,-4.000113093408433e-19,0,4.000113093408433e-19,0,-0,1.99999979999602e-07,-9.9999990000001e-08,-9.9999990000001e-08,0,0,0,-1.99999979999602e-07,9.9999990000001e-08,9.9999990000001e-08,0,99.99999000000101,99.99999000000101
3.6,0,99.99999000000101,99.99999000000101,1.99999979999602e-05,-9.9999990000001e-06,-9.9999990000001e-06,0,0,4.000113093408433e-19,500,-1.99999979999602e-07,9.9999990000001e-08,9.9999990000001e-08,1e-09,1000000000,1000000000,0,99.99999000000101,99.99999000000101,90,0.9,100,3,2,1,1,1,2,1,1,1,1,1,1,1.99999979999602e-07,-9.9999990000001e-08,-9.9999990000001e-08,-1.99999979999602e-07,9.9999990000001e-08,9.9999990000001e-08,0,0,0,1.99999979999602e-07,-9.9999990000001e-08,-9.9999990000001e-08,0,99.99999000000101,99.99999000000101,-4.000113093408433e-19,0,4.000113093408433e-19,0,-0,1.99999979999602e-07,-9.9999990000001e-08,-9.9999990000001e-08,0,0,0,-1.99999979999602e-07,9.9999990000001e-08,9.9999990000001e-08,0,99.99999000000101,99.99999000000101
3.7,0,99.99999000000101,99.99999000000101,1.99999979999602e-05,-9.9999990000001e-06,-9.9999990000001e-06,0,0,4.000113093408433e-19,500,-1.99999979999602e-07,9.9999990000001e-08,9.9999990000001e-08,1e-09,1000000000,1000000000,0,99.99999000000101,99.99999000000101,90,0.9,100,3,2,1,1,1,2,1,1,1,1,1,1,1.99999979999602e-07,-9.9999990000001e-08,-9.9999990000001e-08,-1.99999979999602e-07,9.9999990000001e-08,9.9999990000001e-08,0,0,0,1.99999979999602e-07,-9.9999990000001e-08,-9.9999990000001e-08,0,99.99999000000101,99.99999000000101,-4.000113093408433e-19,0,4.000113093408433e-19,0,-0,1.99999979999602e-07,-9.9999990000001e-08,-9.9999990000001e-08,0,0,0,-1.99999979999602e-07,9.9999990000001e-08,9.9999990000001e-08,0,99.99999000000101,99.99999000000101
3.8,0,99.99999000000101,99.99999000000101,1.99999979999602e-05,-9.9999990000001e-06,-9.9999990000001e-06,0,0,4.000113093408433e-19,500,-1.99999979999602e-07,9.9999990000001e-08,9.9999990000001e-08,1e-09,1000000000,1000000000,0,99.99999000000101,99.99999000000101,90,0.9,100,3,2,1,1,1,2,1,1,1,1,1,1,1.99999979999602e-07,-9.9999990000001e-08,-9.9999990000001e-08,-1.99999979999602e-07,9.9999990000001e-08,9.9999990000001e-08,0,0,0,1.99999979999602e-07,-9.9999990000001e-08,-9.9999990000001e-08,0,99.99999000000101,99.99999000000101,-4.000113093408433e-19,0,4.000113093408433e-19,0,-0,1.99999979999602e-07,-9.9999990000001e-08,-9.9999990000001e-08,0,0,0,-1.99999979999602e-07,9.9999990000001e-08,9.9999990000001e-08,0,99.99999000000101,99.99999000000101
3.9,0,99.99999000000101,99.99999000000101,1.99999979999602e-05,-9.9999990000001e-06,-9.9999990000001e-06,0,0,4.000113093408433e-19,500,-1.99999979999602e-07,9.9999990000001e-08,9.9999990000001e-08,1e-09,1000000000,1000000000,0,99.99999000000101,99.99999000000101,90,0.9,100,3,2,1,1,1,2,1,1,1,1,1,1,1.99999979999602e-07,-9.9999990000001e-08,-9.9999990000001e-08,-1.99999979999602e-07,9.9999990000001e-08,9.9999990000001e-08,0,0,0,1.99999979999602e-07,-9.9999990000001e-08,-9.9999990000001e-08,0,99.99999000000101,99.99999000000101,-4.000113093408433e-19,0,4.000113093408433e-19,0,-0,1.99999979999602e-07,-9.9999990000001e-08,-9.9999990000001e-08,0,0,0,-1.99999979999602e-07,9.9999990000001e-08,9.9999990000001e-08,0,99.99999000000101,99.99999000000101
4,0,99.99999000000101,99.99999000000101,1.99999979999602e-05,-9.9999990000001e-06,-9.9999990000001e-06,0,0,4.000113093408433e-19,500,-1.99999979999602e-07,9.9999990000001e-08,9.9999990000001e-08,1e-09,1000000000,1000000000,0,99.99999000000101,99.99999000000101,90,0.9,100,3,2,1,1,1,2,1,1,1,1,1,1,1.99999979999602e-07,-9.9999990000001e-08,-9.9999990000001e-08,-1.99999979999602e-07,9.9999990000001e-08,9.9999990000001e-08,0,0,0,1.99999979999602e-07,-9.9999990000001e-08,-9.9999990000001e-08,0,99.99999000000101,99.99999000000101,-4.000113093408433e-19,0,4.000113093408433e-19,0,-0,1.99999979999602e-07,-9.9999990000001e-08,-9.9999990000001e-08,0,0,0,-1.99999979999602e-07,9.9999990000001e-08,9.9999990000001e-08,0,99.99999000000101,99.99999000000101
4.1,0,99.99999000000101,99.99999000000101,1.99999979999602e-05,-9.9999990000001e-06,-9.9999990000001e-06,0,0,4.000113093408433e-19,500,-1.99999979999602e-07,9.9999990000001e-08,9.9999990000001e-08,1e-09,1000000000,1000000000,0,99.99999000000101,99.99999000000101,90,0.9,100,3,2,1,1,1,2,1,1,1,1,1,1,1.99999979999602e-07,-9.9999990000001e-08,-9.9999990000001e-08,-1.99999979999602e-07,9.9999990000001e-08,9.9999990000001e-08,0,0,0,1.99999979999602e-07,-9.9999990000001e-08,-9.9999990000001e-08,0,99.99999000000101,99.99999000000101,-4.000113093408433e-19,0,4.000113093408433e-19,0,-0,1.99999979999602e-07,-9.9999990000001e-08,-9.9999990000001e-08,0,0,0,-1.99999979999602e-07,9.9999990000001e-08,9.9999990000001e-08,0,99.99999000000101,99.99999000000101
4.2,0,99.99999000000101,99.99999000000101,1.99999979999602e-05,-9.9999990000001e-06,-9.9999990000001e-06,0,0,4.000113093408433e-19,500,-1.99999979999602e-07,9.9999990000001e-08,9.9999990000001e-08,1e-09,1000000000,1000000000,0,99.99999000000101,99.99999000000101,90,0.9,100,3,2,1,1,1,2,1,1,1,1,1,1,1.99999979999602e-07,-9.9999990000001e-08,-9.9999990000001e-08,-1.99999979999602e-07,9.9999990000001e-08,9.9999990000001e-08,0,0,0,1.99999979999602e-07,-9.9999990000001e-08,-9.9999990000001e-08,0,99.99999000000101,99.99999000000101,-4.000113093408433e-19,0,4.000113093408433e-19,0,-0,1.99999979999602e-07,-9.9999990000001e-08,-9.9999990000001e-08,0,0,0,-1.99999979999602e-07,9.9999990000001e-08,9.9999990000001e-08,0,99.99999000000101,99.99999000000101
4.3,0,99.99999000000101,99.99999000000101,1.99999979999602e-05,-9.9999990000001e-06,-9.9999990000001e-06,0,0,4.000113093408433e-19,500,-1.99999979999602e-07,9.9999990000001e-08,9.9999990000001e-08,1e-09,1000000000,1000000000,0,99.99999000000101,99.99999000000101,90,0.9,100,3,2,1,1,1,2,1,1,1,1,1,1,1.99999979999602e-07,-9.9999990000001e-08,-9.9999990000001e-08,-1.99999979999602e-07,9.9999990000001e-08,9.9999990000001e-08,0,0,0,1.99999979999602e-07,-9.9999990000001e-08,-9.9999990000001e-08,0,99.99999000000101,99.99999000000101,-4.000113093408433e-19,0,4.000113093408433e-19,0,-0,1.99999979999602e-07,-9.9999990000001e-08,-9.9999990000001e-08,0,0,0,-1.99999979999602e-07,9.9999990000001e-08,9.9999990000001e-08,0,99.99999000000101,99.99999000000101
4.4,0,99.99999000000101,99.99999000000101,1.99999979999602e-05,-9.9999990000001e-06,-9.9999990000001e-06,0,0,4.000113093408433e-19,500,-1.99999979999602e-07,9.9999990000001e-08,9.9999990000001e-08,1e-09,1000000000,1000000000,0,99.99999000000101,99.99999000000101,90,0.9,100,3,2,1,1,1,2,1,1,1,1,1,1,1.99999979999602e-07,-9.9999990000001e-08,-9.9999990000001e-08,-1.99999979999602e-07,9.9999990000001e-08,9.9999990000001e-08,0,0,0,1.99999979999602e-07,-9.9999990000001e-08,-9.9999990000001e-08,0,99.99999000000101,99.99999000000101,-4.000113093408433e-19,0,4.000113093408433e-19,0,-0,1.99999979999602e-07,-9.9999990000001e-08,-9.9999990000001e-08,0,0,0,-1.99999979999602e-07,9.9999990000001e-08,9.9999990000001e-08,0,99.99999000000101,99.99999000000101
4.5,0,99.99999000000101,99.99999000000101,1.99999979999602e-05,-9.9999990000001e-06,-9.9999990000001e-06,0,0,4.000113093408433e-19,500,-1.99999979999602e-07,9.9999990000001e-08,9.9999990000001e-08,1e-09,1000000000,1000000000,0,99.99999000000101,99.99999000000101,90,0.9,100,3,2,1,1,1,2,1,1,1,1,1,1,1.99999979999602e-07,-9.9999990000001e-08,-9.9999990000001e-08,-1.99999979999602e-07,9.9999990000001e-08,9.9999990000001e-08,0,0,0,1.99999979999602e-07,-9.9999990000001e-08,-9.9999990000001e-08,0,99.99999000000101,99.99999000000101,-4.000113093408433e-19,0,4.000113093408433e-19,0,-0,1.99999979999602e-07,-9.9999990000001e-08,-9.9999990000001e-08,0,0,0,-1.99999979999602e-07,9.9999990000001e-08,9.9999990000001e-08,0,99.99999000000101,99.99999000000101
4.6,0,99.99999000000101,99.99999000000101,1.99999979999602e-05,-9.9999990000001e-06,-9.9999990000001e-06,0,0,4.000113093408433e-19,500,-1.99999979999602e-07,9.9999990000001e-08,9.9999990000001e-08,1e-09,1000000000,1000000000,0,99.99999000000101,99.99999000000101,90,0.9,100,3,2,1,1,1,2,1,1,1,1,1,1,1.99999979999602e-07,-9.9999990000001e-08,-9.9999990000001e-08,-1.99999979999602e-07,9.9999990000001e-08,9.9999990000001e-08,0,0,0,1.99999979999602e-07,-9.9999990000001e-08,-9.9999990000001e-08,0,99.99999000000101,99.99999000000101,-4.000113093408433e-19,0,4.000113093408433e-19,0,-0,1.99999979999602e-07,-9.9999990000001e-08,-9.9999990000001e-08,0,0,0,-1.99999979999602e-07,9.9999990000001e-08,9.9999990000001e-08,0,99.99999000000101,99.99999000000101
4.7,0,99.99999000000101,99.99999000000101,1.99999979999602e-05,-9.9999990000001e-06,-9.9999990000001e-06,0,0,4.000113093408433e-19,500,-1.99999979999602e-07,9.9999990000001e-08,9.9999990000001e-08,1e-09,1000000000,1000000000,0,99.99999000000101,99.99999000000101,90,0.9,100,3,2,1,1,1,2,1,1,1,1,1,1,1.99999979999602e-07,-9.9999990000001e-08,-9.9999990000001e-08,-1.99999979999602e-07,9.9999990000001e-08,9.9999990000001e-08,0,0,0,1.99999979999602e-07,-9.9999990000001e-08,-9.9999990000001e-08,0,99.99999000000101,99.99999000000101,-4.000113093408433e-19,0,4.000113093408433e-19,0,-0,1.99999979999602e-07,-9.9999990000001e-08,-9.9999990000001e-08,0,0,0,-1.99999979999602e-07,9.9999990000001e-08,9.9999990000001e-08,0,99.99999000000101,99.99999000000101
4.8,0,99.99999000000101,99.99999000000101,1.99999979999602e-05,-9.9999990000001e-06,-9.9999990000001e-06,0,0,4.000113093408433e-19,500,-1.99999979999602e-07,9.9999990000001e-08,9.9999990000001e-08,1e-09,1000000000,1000000000,0,99.99999000000101,99.99999000000101,90,0.9,100,3,2,1,1,1,2,1,1,1,1,1,1,1.99999979999602e-07,-9.9999990000001e-08,-9.9999990000001e-08,-1.99999979999602e-07,9.9999990000001e-08,9.9999990000001e-08,0,0,0,1.99999979999602e-07,-9.9999990000001e-08,-9.9999990000001e-08,0,99.99999000000101,99.99999000000101,-4.000113093408433e-19,0,4.000113093408433e-19,0,-0,1.99999979999602e-07,-9.9999990000001e-08,-9.9999990000001e-08,0,0,0,-1.99999979999602e-07,9.9999990000001e-08,9.9999990000001e-08,0,99.99999000000101,99.99999000000101
4.9,0,99.99999000000101,99.99999000000101,1.99999979999602e-05,-9.9999990000001e-06,-9.9999990000001e-06,0,0,4.000113093408433e-19,500,-1.99999979999602e-07,9.9999990000001e-08,9.9999990000001e-08,1e-09,1000000000,1000000000,0,99.99999000000101,99.99999000000101,90,0.9,100,3,2,1,1,1,2,1,1,1,1,1,1,1.99999979999602e-07,-9.9999990000001e-08,-9.9999990000001e-08,-1.99999979999602e-07,9.9999990000001e-08,9.9999990000001e-08,0,0,0,1.99999979999602e-07,-9.9999990000001e-08,-9.9999990000001e-08,0,99.99999000000101,99.99999000000101,-4.000113093408433e-19,0,4.000113093408433e-19,0,-0,1.99999979999602e-07,-9.9999990000001e-08,-9.9999990000001e-08,0,0,0,-1.99999979999602e-07,9.9999990000001e-08,9.9999990000001e-08,0,99.99999000000101,99.99999000000101
5,0,99.99999000000101,99.99999000000101,1.99999979999602e-05,-9.9999990000001e-06,-9.9999990000001e-06,0,0,4.000113093408433e-19,500,-1.99999979999602e-07,9.9999990000001e-08,9.9999990000001e-08,1e-09,1000000000,1000000000,0,99.99999000000101,99.99999000000101,90,0.9,100,3,2,1,1,1,2,1,1,1,1,1,1,1.99999979999602e-07,-9.9999990000001e-08,-9.9999990000001e-08,-1.99999979999602e-07,9.9999990000001e-08,9.9999990000001e-08,0,0,0,1.99999979999602e-07,-9.9999990000001e-08,-9.9999990000001e-08,0,99.99999000000101,99.99999000000101,-4.000113093408433e-19,0,4.000113093408433e-19,0,-0,1.99999979999602e-07,-9.9999990000001e-08,-9.9999990000001e-08,0,0,0,-1.99999979999602e-07,9.9999990000001e-08,9.9999990000001e-08,0,99.99999000000101,99.99999000000101
5.1,0,99.99999000000101,99.99999000000101,1.99999979999602e-05,-9.9999990000001e-06,-9.9999990000001e-06,0,0,4.000113093408433e-19,500,-1.99999979999602e-07,9.9999990000001e-08,9.9999990000001e-08,1e-09,1000000000,1000000000,0,99.99999000000101,99.99999000000101,90,0.9,100,3,2,1,1,1,2,1,1,1,1,1,1,1.99999979999602e-07,-9.9999990000001e-08,-9.9999990000001e-08,-1.99999979999602e-07,9.9999990000001e-08,9.9999990000001e-08,0,0,0,1.99999979999602e-07,-9.9999990000001e-08,-9.9999990000001e-08,0,99.99999000000101,99.99999000000101,-4.000113093408433e-19,0,4.000113093408433e-19,0,-0,1.99999979999602e-07,-9.9999990000001e-08,-9.9999990000001e-08,0,0,0,-1.99999979999602e-07,9.9999990000001e-08,9.9999990000001e-08,0,99.99999000000101,99.99999000000101
5.2,0,99.99999000000101,99.99999000000101,1.99999979999602e-05,-9.9999990000001e-06,-9.9999990000001e-06,0,0,4.000113093408433e-19,500,-1.99999979999602e-07,9.9999990000001e-08,9.9999990000001e-08,1e-09,1000000000,1000000000,0,99.99999000000101,99.99999000000101,90,0.9,100,3,2,1,1,1,2,1,1,1,1,1,1,1.99999979999602e-07,-9.9999990000001e-08,-9.9999990000001e-08,-1.99999979999602e-07,9.9999990000001e-08,9.9999990000001e-08,0,0,0,1.99999979999602e-07,-9.9999990000001e-08,-9.9999990000001e-08,0,99.99999000000101,99.99999000000101,-4.000113093408433e-19,0,4.000113093408433e-19,0,-0,1.99999979999602e-07,-9.9999990000001e-08,-9.9999990000001e-08,0,0,0,-1.99999979999602e-07,9.9999990000001e-08,9.9999990000001e-08,0,99.99999000000101,99.99999000000101
5.3,0,99.99999000000101,99.99999000000101,1.99999979999602e-05,-9.9999990000001e-06,-9.9999990000001e-06,0,0,4.000113093408433e-19,500,-1.99999979999602e-07,9.9999990000001e-08,9.9999990000001e-08,1e-09,1000000000,1000000000,0,99.99999000000101,99.99999000000101,90,0.9,100,3,2,1,1,1,2,1,1,1,1,1,1,1.99999979999602e-07,-9.9999990000001e-08,-9.9999990000001e-08,-1.99999979999602e-07,9.9999990000001e-08,9.9999990000001e-08,0,0,0,1.99999979999602e-07,-9.9999990000001e-08,-9.9999990000001e-08,0,99.99999000000101,99.99999000000101,-4.000113093408433e-19,0,4.000113093408433e-19,0,-0,1.99999979999602e-07,-9.9999990000001e-08,-9.9999990000001e-08,0,0,0,-1.99999979999602e-07,9.9999990000001e-08,9.9999990000001e-08,0,99.99999000000101,99.99999000000101
5.4,0,99.99999000000101,99.99999000000101,1.99999979999602e-05,-9.9999990000001e-06,-9.9999990000001e-06,0,0,4.000113093408433e-19,500,-1.99999979999602e-07,9.9999990000001e-08,9.9999990000001e-08,1e-09,1000000000,1000000000,0,99.99999000000101,99.99999000000101,90,0.9,100,3,2,1,1,1,2,1,1,1,1,1,1,1.99999979999602e-07,-9.9999990000001e-08,-9.9999990000001e-08,-1.99999979999602e-07,9.9999990000001e-08,9.9999990000001e-08,0,0,0,1.99999979999602e-07,-9.9999990000001e-08,-9.9999990000001e-08,0,99.99999000000101,99.99999000000101,-4.000113093408433e-19,0,4.000113093408433e-19,0,-0,1.99999979999602e-07,-9.9999990000001e-08,-9.9999990000001e-08,0,0,0,-1.99999979999602e-07,9.9999990000001e-08,9.9999990000001e-08,0,99.99999000000101,99.99999000000101
5.5,0,99.99999000000101,99.99999000000101,1.99999979999602e-05,-9.9999990000001e-06,-9.9999990000001e-06,0,0,4.000113093408433e-19,500,-1.99999979999602e-07,9.9999990000001e-08,9.9999990000001e-08,1e-09,1000000000,1000000000,0,99.99999000000101,99.99999000000101,90,0.9,100,3,2,1,1,1,2,1,1,1,1,1,1,1.99999979999602e-07,-9.9999990000001e-08,-9.9999990000001e-08,-1.99999979999602e-07,9.9999990000001e-08,9.9999990000001e-08,0,0,0,1.99999979999602e-07,-9.9999990000001e-08,-9.9999990000001e-08,0,99.99999000000101,99.99999000000101,-4.000113093408433e-19,0,4.000113093408433e-19,0,-0,1.99999979999602e-07,-9.9999990000001e-08,-9.9999990000001e-08,0,0,0,-1.99999979999602e-07,9.9999990000001e-08,9.9999990000001e-08,0,99.99999000000101,99.99999000000101
5.6,0,99.99999000000101,99.99999000000101,1.99999979999602e-05,-9.9999990000001e-06,-9.9999990000001e-06,0,0,4.000113093408433e-19,500,-1.99999979999602e-07,9.9999990000001e-08,9.9999990000001e-08,1e-09,1000000000,1000000000,0,99.99999000000101,99.99999000000101,90,0.9,100,3,2,1,1,1,2,1,1,1,1,1,1,1.99999979999602e-07,-9.9999990000001e-08,-9.9999990000001e-08,-1.99999979999602e-07,9.9999990000001e-08,9.9999990000001e-08,0,0,0,1.99999979999602e-07,-9.9999990000001e-08,-9.9999990000001e-08,0,99.99999000000101,99.99999000000101,-4.000113093408433e-19,0,4.000113093408433e-19,0,-0,1.99999979999602e-07,-9.9999990000001e-08,-9.9999990000001e-08,0,0,0,-1.99999979999602e-07,9.9999990000001e-08,9.9999990000001e-08,0,99.99999000000101,99.99999000000101
5.7,0,99.99999000000101,99.99999000000101,1.99999979999602e-05,-9.9999990000001e-06,-9.9999990000001e-06,0,0,4.000113093408433e-19,500,-1.99999979999602e-07,9.9999990000001e-08,9.9999990000001e-08,1e-09,1000000000,1000000000,0,99.99999000000101,99.99999000000101,90,0.9,100,3,2,1,1,1,2,1,1,1,1,1,1,1.99999979999602e-07,-9.9999990000001e-08,-9.9999990000001e-08,-1.99999979999602e-07,9.9999990000001e-08,9.9999990000001e-08,0,0,0,1.99999979999602e-07,-9.9999990000001e-08,-9.9999990000001e-08,0,99.99999000000101,99.99999000000101,-4.000113093408433e-19,0,4.000113093408433e-19,0,-0,1.99999979999602e-07,-9.9999990000001e-08,-9.9999990000001e-08,0,0,0,-1.99999979999602e-07,9.9999990000001e-08,9.9999990000001e-08,0,99.99999000000101,99.99999000000101
5.8,0,99.99999000000101,99.99999000000101,1.99999979999602e-05,-9.9999990000001e-06,-9.9999990000001e-06,0,0,4.000113093408433e-19,500,-1.99999979999602e-07,9.9999990000001e-08,9.9999990000001e-08,1e-09,1000000000,1000000000,0,99.99999000000101,99.99999000000101,90,0.9,100,3,2,1,1,1,2,1,1,1,1,1,1,1.99999979999602e-07,-9.9999990000001e-08,-9.9999990000001e-08,-1.99999979999602e-07,9.9999990000001e-08,9.9999990000001e-08,0,0,0,1.99999979999602e-07,-9.9999990000001e-08,-9.9999990000001e-08,0,99.99999000000101,99.99999000000101,-4.000113093408433e-19,0,4.000113093408433e-19,0,-0,1.99999979999602e-07,-9.9999990000001e-08,-9.9999990000001e-08,0,0,0,-1.99999979999602e-07,9.9999990000001e-08,9.9999990000001e-08,0,99.99999000000101,99.99999000000101
5.9,0,99.99999000000101,99.99999000000101,1.99999979999602e-05,-9.9999990000001e-06,-9.9999990000001e-06,0,0,4.000113093408433e-19,500,-1.99999979999602e-07,9.9999990000001e-08,9.9999990000001e-08,1e-09,1000000000,1000000000,0,99.99999000000101,99.99999000000101,90,0.9,100,3,2,1,1,1,2,1,1,1,1,1,1,1.99999979999602e-07,-9.9999990000001e-08,-9.9999990000001e-08,-1.99999979999602e-07,9.9999990000001e-08,9.9999990000001e-08,0,0,0,1.99999979999602e-07,-9.9999990000001e-08,-9.9999990000001e-08,0,99.99999000000101,99.99999000000101,-4.000113093408433e-19,0,4.000113093408433e-19,0,-0,1.99999979999602e-07,-9.9999990000001e-08,-9.9999990000001e-08,0,0,0,-1.99999979999602e-07,9.9999990000001e-08,9.9999990000001e-08,0,99.99999000000101,99.99999000000101
6,0,99.99999000000101,99.99999000000101,1.99999979999602e-05,-9.9999990000001e-06,-9.9999990000001e-06,0,0,4.000113093408433e-19,500,-1.99999979999602e-07,9.9999990000001e-08,9.9999990000001e-08,1e-09,1000000000,1000000000,0,99.99999000000101,99.99999000000101,90,0.9,100,3,2,1,1,1,2,1,1,1,1,1,1,1.99999979999602e-07,-9.9999990000001e-08,-9.9999990000001e-08,-1.99999979999602e-07,9.9999990000001e-08,9.9999990000001e-08,0,0,0,1.99999979999602e-07,-9.9999990000001e-08,-9.9999990000001e-08,0,99.99999000000101,99.99999000000101,-4.000113093408433e-19,0,4.000113093408433e-19,0,-0,1.99999979999602e-07,-9.9999990000001e-08,-9.9999990000001e-08,0,0,0,-1.99999979999602e-07,9.9999990000001e-08,9.9999990000001e-08,0,99.99999000000101,99.99999000000101
6,0,99.99999000000101,99.99999000000101,1.99999979999602e-05,-9.9999990000001e-06,-9.9999990000001e-06,0,0,4.000113093408433e-19,500,-1.99999979999602e-07,9.9999990000001e-08,9.9999990000001e-08,1e-09,1000000000,1000000000,0,99.99999000000101,99.99999000000101,90,0.9,100,3,2,1,1,1,2,1,1,1,1,1,1,1.99999979999602e-07,-9.9999990000001e-08,-9.9999990000001e-08,-1.99999979999602e-07,9.9999990000001e-08,9.9999990000001e-08,0,0,0,1.99999979999602e-07,-9.9999990000001e-08,-9.9999990000001e-08,0,99.99999000000101,99.99999000000101,-4.000113093408433e-19,0,4.000113093408433e-19,0,-0,1.99999979999602e-07,-9.9999990000001e-08,-9.9999990000001e-08,0,0,0,-1.99999979999602e-07,9.9999990000001e-08,9.9999990000001e-08,0,99.99999000000101,99.99999000000101
